tStart,tR,xR,yR,theta,xR_fine,yR_fine,tV,xV,yV,zRotV,tP,gxP,gyP,gzP,axP,ayP,azP
1706193875.936887,1706193875.9412212,26.247677479097575,24.14992570886044,0.012253492861272197,NaN,NaN,1706193875.9688923,-5.653748165554208,-742.7129319848927,0.9981320073730348,1706193875.9678948,nan,nan,nan,0.026911497116088867,0.033748168498277664,1.0330308675765991
1706193876.03084,1706193876.035983,26.247677479097575,24.14992570886044,0.012253492861272197,NaN,NaN,1706193876.0595455,-5.652717784301745,-742.7121237792506,0.9981321904176471,1706193876.0595455,nan,nan,nan,0.028608618304133415,0.03399096056818962,1.0330308675765991
1706193876.1242962,1706193876.133216,26.247677479097575,24.14992570886044,0.012253492861272197,NaN,NaN,1706193876.1551476,-5.653803186563715,-742.712900523093,0.9981314543187518,1706193876.1551476,nan,nan,nan,0.027881281450390816,0.03350537270307541,1.0296192169189453
1706193876.21598,1706193876.220888,26.247677479097575,24.14992570886044,0.012253492861272197,NaN,NaN,1706193876.2474468,-5.651295304432461,-742.710089777397,0.9981324881813407,1706193876.24645,nan,nan,nan,0.027881281450390816,0.033748168498277664,1.0308376550674438
1706193876.3076189,1706193876.312235,26.247677479097575,24.14992570886044,0.012253492861272197,NaN,NaN,1706193876.3379211,-5.655052225499018,-742.7163799270708,0.9981315059963878,1706193876.3379211,nan,nan,nan,0.027881281450390816,0.03399096056818962,1.0281569957733154
1706193876.4010696,1706193876.4079564,26.247677479097575,24.14992570886044,0.012253492861272197,NaN,NaN,1706193876.4313502,-5.650535505367058,-742.7148984817785,0.9981356549286629,1706193876.4313502,nan,nan,nan,0.026911497116088867,0.03471934050321579,1.030106544494629
1706193876.493377,1706193876.4983327,26.247677479097575,24.14992570886044,0.012253492861272197,NaN,NaN,1706193876.523297,-5.656836537314453,-742.7168774306763,0.9981325810980874,1706193876.523297,nan,nan,nan,0.025941714644432068,0.035204920917749405,1.0284007787704468
1706193876.5845888,1706193876.5925684,26.247677479097575,24.14992570886044,0.012253492861272197,NaN,NaN,1706193876.6151986,-5.653421737088497,-742.7169255929172,0.9981331389914998,1706193876.614199,nan,nan,nan,0.02569926716387272,0.03471934050321579,1.029375433921814
1706193876.6762369,1706193876.6810074,26.247677479097575,24.14992570886044,0.012253492861272197,NaN,NaN,1706193876.7066474,-5.653375723470122,-742.7134682517307,0.9981347421850814,1706193876.7056546,nan,nan,nan,0.02497193031013012,0.03423375263810158,1.030593991279602
1706193876.7692199,1706193876.7750118,26.247677479097575,24.14992570886044,0.012253492861272197,NaN,NaN,1706193876.7993937,-5.685955316408185,-742.7339493342756,0.9981678534579578,1706193876.7993937,nan,nan,nan,0.025941714644432068,0.03399096056818962,1.0320560932159424
1706193876.8610766,1706193876.8687823,26.247677479097575,24.14992570886044,0.012253492861272197,NaN,NaN,1706193876.8910794,-5.665781383060308,-742.7166938913432,0.9981490376169523,1706193876.8910794,nan,nan,nan,0.025941714644432068,0.03544771298766136,1.0322998762130737
1706193876.9519513,1706193876.9583397,26.247677479097575,24.14992570886044,0.012253492861272197,NaN,NaN,1706193876.9801855,-5.666491543267939,-742.7164202919371,0.9981551831747633,1706193876.9801855,nan,nan,nan,0.027153942734003067,0.03447654843330383,1.0330308675765991
1706193877.044074,1706193877.0494459,26.247677479097575,24.14992570886044,0.012253492861272197,NaN,NaN,1706193877.070096,-5.665750705762891,-742.7165855498769,0.9981498129479943,1706193877.070096,nan,nan,nan,0.02642660401761532,0.03471934050321579,1.0308376550674438
1706193877.1214309,1706193877.1299,26.247677479097575,24.14992570886044,0.012253492861272197,NaN,NaN,1706193877.1384268,-5.664592208175248,-742.7153812899038,0.9981527085444346,1706193877.1384268,nan,nan,nan,0.027153942734003067,0.03277700021862984,1.0318124294281006
1706193877.1991076,1706193877.204163,26.247677479097575,24.14992570886044,0.012253492861272197,NaN,NaN,1706193877.2153337,-5.6658990894118455,-742.7148344463967,0.9981541998960605,1706193877.2153337,nan,nan,nan,0.026669051498174667,0.035933300852775574,1.0308376550674438
1706193877.2774563,1706193877.2822032,26.247677479097575,24.14992570886044,0.012253492861272197,NaN,NaN,1706193877.29361,-5.665262867768575,-742.7170129211623,0.9981509489530798,1706193877.29361,nan,nan,nan,0.025941714644432068,0.03496213257312775,1.0303502082824707
1706193877.3541987,1706193877.3600967,26.247677479097575,24.14992570886044,0.012253492861272197,NaN,NaN,1706193877.370877,-5.667012450643243,-742.7148727831503,0.9981497412828533,1706193877.370877,nan,nan,nan,0.027153942734003067,0.03326258063316345,1.030106544494629
1706193877.4310913,1706193877.4361532,26.247677479097575,24.14992570886044,0.012253492861272197,NaN,NaN,1706193877.447165,-5.668739539327113,-742.7174430808392,0.9981523094811332,1706193877.447165,nan,nan,nan,0.026911497116088867,0.033748168498277664,1.029375433921814
1706193877.5090399,1706193877.5142756,26.247677479097575,24.14992570886044,0.012253492861272197,NaN,NaN,1706193877.5255966,-5.663985099508918,-742.7174012918498,0.9981570113731132,1706193877.5255966,nan,nan,nan,0.027396388351917267,0.035204920917749405,1.0318124294281006
1706193877.5861583,1706193877.5912216,26.247677479097575,24.14992570886044,0.012253492861272197,NaN,NaN,1706193877.6024072,-5.667411887879029,-742.7173003270077,0.9981454550225833,1706193877.6024072,nan,nan,nan,0.026911497116088867,0.03423375263810158,1.0310814380645752
1706193877.6621041,1706193877.66886,26.247677479097575,24.14992570886044,0.012253492861272197,NaN,NaN,1706193877.6778734,-5.666747597388389,-742.7174184886627,0.9981535535238919,1706193877.6778734,nan,nan,nan,0.027396388351917267,0.03471934050321579,1.0322998762130737
1706193877.7392752,1706193877.7453928,26.247677479097575,24.14992570886044,0.012253492861272197,NaN,NaN,1706193877.757654,-5.665851087921571,-742.7183949256207,0.9981483191159698,1706193877.756649,nan,nan,nan,0.026911497116088867,0.03423375263810158,1.0327872037887573
1706193877.8152301,1706193877.8388002,26.247677479097575,24.14992570886044,0.012253492861272197,NaN,NaN,1706193877.8502102,-5.6689713108135855,-742.7143921078895,0.9981556808008192,1706193877.8502102,nan,nan,nan,0.026669051498174667,0.03447654843330383,1.0322998762130737
1706193877.9071698,1706193877.9131067,26.247677479097575,24.14992570886044,0.012253492861272197,NaN,NaN,1706193877.9240355,-5.667775478102243,-742.7157522545378,0.9981494700931515,1706193877.9240355,nan,nan,nan,0.025941714644432068,0.035204920917749405,1.0318124294281006
1706193877.985627,1706193877.9911613,26.247677479097575,24.14992570886044,0.012253492861272197,NaN,NaN,1706193878.0017102,-5.666380584745211,-742.714292458635,0.9981573696454857,1706193878.0017102,nan,nan,nan,0.027638833969831467,0.03447654843330383,1.0318124294281006
1706193878.0642788,1706193878.0711987,26.247677479097575,24.14992570886044,0.012253492861272197,NaN,NaN,1706193878.0809455,-5.670128285690315,-742.716376432777,0.9981517458492413,1706193878.0809455,nan,nan,nan,0.027153942734003067,0.03544771298766136,1.0308376550674438
1706193878.140752,1706193878.145736,26.247677479097575,24.14992570886044,0.012253492861272197,NaN,NaN,1706193878.157726,-5.6702068355913235,-742.7178493778466,0.998147991993247,1706193878.157726,nan,nan,nan,0.02618415839970112,0.03447654843330383,1.0310814380645752
1706193878.218382,1706193878.223161,26.247677479097575,24.14992570886044,0.012253492861272197,NaN,NaN,1706193878.235165,-5.666033546457326,-742.7158026045946,0.9981600097126838,1706193878.2341654,nan,nan,nan,0.027153942734003067,0.03399096056818962,1.030593991279602
1706193878.2956192,1706193878.3021655,26.247667862383533,24.14993028731415,0.012211255688332479,NaN,NaN,1706193878.3116353,-5.669972600891548,-742.7135225787936,0.9981508430077589,1706193878.3116353,nan,nan,nan,0.027396388351917267,0.035204920917749405,1.030593991279602
1706193878.3726108,1706193878.3784883,26.247666967421075,24.149931202571526,0.012210602502364692,NaN,NaN,1706193878.3886595,-5.666418530593453,-742.7126860219798,0.9981492578549239,1706193878.3886595,nan,nan,nan,0.027396388351917267,0.03423375263810158,1.0303502082824707
1706193878.449787,1706193878.456408,26.2476667019181,24.149931541994412,0.01221118320839118,NaN,NaN,1706193878.4662533,-5.665288669031654,-742.7138730410096,0.9981534451074817,1706193878.4652574,nan,nan,nan,0.02642660401761532,0.03496213257312775,1.029862880706787
1706193878.525657,1706193878.530052,26.247666547300867,24.149931179924454,0.01221128564339699,NaN,NaN,1706193878.5427108,-5.66521889196355,-742.7155155662409,0.9981601998770494,1706193878.5427108,nan,nan,nan,0.029093509539961815,0.035204920917749405,1.0286444425582886
1706193878.604344,1706193878.6094198,26.24846388223175,24.14990256919445,0.012320888470373409,NaN,NaN,1706193878.6205785,-5.688921986052744,-743.767356918046,0.9982630063628786,1706193878.6205785,nan,nan,nan,0.09334167838096619,0.032291412353515625,1.0325435400009155
1706193878.6807227,1706193878.6847115,26.250513088240783,24.149900448663423,0.01233513963933,NaN,NaN,1706193878.6963623,-5.618730434867331,-748.5545953838938,0.9981619164660283,1706193878.6963623,nan,nan,nan,0.081219382584095,0.03666168078780174,1.026938557624817
1706193878.7564511,1706193878.7620218,26.254553129575303,24.149901399029922,0.012231445161487164,NaN,NaN,1706193878.772532,-5.394835911920716,-755.5302127375339,0.9980374113199597,1706193878.772532,nan,nan,nan,0.07297622412443161,0.038604021072387695,1.017678141593933
1706193878.8332212,1706193878.8381488,26.26636795836413,24.14990058519139,0.011924657712993864,NaN,NaN,1706193878.849798,-4.858848213471815,-766.9325172298411,0.9977793069364825,1706193878.849798,nan,nan,nan,0.0792798176407814,0.03447654843330383,1.0354679822921753
1706193878.9107552,1706193878.917142,26.284245671078356,24.15019403528802,0.01203487065456868,NaN,NaN,1706193878.9262164,-4.535695048614923,-781.4459483787338,0.9980398677020182,1706193878.9262164,nan,nan,nan,0.06546039879322052,0.054385535418987274,1.030593991279602
1706193878.9874606,1706193878.9922101,26.29463428829203,24.150450843584903,0.01220248126040771,NaN,NaN,1706193879.0032127,-4.728326664504704,-799.0021216819322,0.9981525177197031,1706193879.0032127,nan,nan,nan,0.07443089038133621,0.022579709067940712,1.016459584236145
1706193879.0648565,1706193879.070098,26.320479299090767,24.15056439853656,0.012162538020193958,NaN,NaN,1706193879.0809202,-4.452438885075525,-816.9635018081831,0.9982265128774102,1706193879.0809202,nan,nan,nan,0.08849275857210159,0.03836122900247574,1.0198713541030884
1706193879.1414003,1706193879.1465793,26.334546894539287,24.150778466463667,0.012037732022346592,NaN,NaN,1706193879.1571913,-3.779003074627066,-840.1523182547028,0.9979822110198573,1706193879.1571913,nan,nan,nan,-0.0014810138382017612,0.008012155070900917,1.0028126239776611
1706193879.2187614,1706193879.2241433,26.349148533567746,24.15093243385146,0.011779398281510617,NaN,NaN,1706193879.2352653,-2.3116465966138993,-863.1585587972659,0.9980356847662519,1706193879.2342618,nan,nan,nan,0.027396388351917267,0.07672245800495148,1.0581316947937012
1706193879.2961652,1706193879.3011262,26.379919639610343,24.150649908498767,0.012024226732304438,NaN,NaN,1706193879.3121293,-2.2523972324901553,-886.0124923506339,0.9980079305345364,1706193879.3121293,nan,nan,nan,0.028123727068305016,0.01918061450123787,1.024745225906372
1706193879.3706968,1706193879.3748732,26.394209204407602,24.150978998577095,0.012000148054578053,NaN,NaN,1706193879.3870423,-2.053969841566404,-905.74974805234,0.9979961177693513,1706193879.3870423,nan,nan,nan,0.02642660401761532,0.03471934050321579,1.0588628053665161
1706193879.4462397,1706193879.4517136,26.422701614486733,24.151256158589455,0.012058980988100931,NaN,NaN,1706193879.4632905,-1.8547340459230106,-928.0093532764074,0.9981259296303724,1706193879.4632905,nan,nan,nan,0.01575898379087448,0.020151784643530846,1.0096360445022583
1706193879.5221725,1706193879.5309098,26.436843482822642,24.15135508132991,0.012115485930882519,NaN,NaN,1706193879.5379443,-1.0740090977085608,-947.49879083485,0.9982395943749585,1706193879.5379443,nan,nan,nan,0.04097335785627365,0.059241387993097305,1.0630056858062744
1706193879.5995617,1706193879.6057003,26.46643055018605,24.151694840319283,0.012119009611732179,NaN,NaN,1706193879.616242,-0.8341163425261247,-970.3639565893196,0.9979545299525094,1706193879.6152418,nan,nan,nan,0.05164097994565964,0.008012155070900917,1.0225520133972168
1706193879.675231,1706193879.6806977,26.479373289889562,24.150939885547068,0.012234098215652245,NaN,NaN,1706193879.6907213,-0.39678033509761673,-990.6221289210325,0.9978844696460105,1706193879.6907213,nan,nan,nan,0.027638833969831467,0.037390053272247314,1.0276695489883423
1706193879.7524667,1706193879.7572832,26.509489112497683,24.151129166339487,0.012138444691995043,NaN,NaN,1706193879.7685006,0.20919738963175036,-1013.8356960534311,0.9979231904367563,1706193879.7685006,nan,nan,nan,0.015274092555046082,0.05025806277990341,1.0357115268707275
1706193879.829874,1706193879.8348818,26.536753379305846,24.151537282066837,0.01239857300293612,NaN,NaN,1706193879.8456473,0.45430492121924276,-1036.7624837851781,0.9980481777314847,1706193879.8456473,nan,nan,nan,0.02303236350417137,0.028649523854255676,1.0340057611465454
1706193879.9068313,1706193879.9112315,26.553900245587727,24.151783022868948,0.012468877065126172,NaN,NaN,1706193879.9231822,0.8407013667006226,-1059.4364144230622,0.9977972093506569,1706193879.9231822,nan,nan,nan,0.03903379291296005,0.01699548028409481,1.0203588008880615
1706193879.9849,1706193879.9911883,26.581689858664674,24.15223888412531,0.011622706372619585,NaN,NaN,1706193880.000942,1.8098229531628955,-1079.1376869835594,0.997582087945684,1706193880.000942,nan,nan,nan,0.03200286254286766,0.05268598720431328,1.038879632949829
1706193880.0623329,1706193880.068202,26.592962978279957,24.15231842981447,0.011586669618616346,NaN,NaN,1706193880.078706,2.5018292169851906,-1101.978385752668,0.9983131222323506,1706193880.0777051,nan,nan,nan,0.01624387688934803,0.040789153426885605,1.0369300842285156
1706193880.1392243,1706193880.1454732,26.610073499530536,24.152661139413212,0.012063249141912896,NaN,NaN,1706193880.1548514,2.651607619208815,-1124.7782811451964,0.9986535083475236,1706193880.1548514,nan,nan,nan,0.037579119205474854,0.049286894500255585,1.0452157258987427
1706193880.2148907,1706193880.2205,26.638656664554745,24.153284304718508,0.012467047994706049,NaN,NaN,1706193880.230953,2.382236291254708,-1144.8583404270942,0.9981711739993588,1706193880.230953,nan,nan,nan,0.028366170823574066,0.010197288356721401,0.9998881816864014
1706193880.2931936,1706193880.3006563,26.668555224532682,24.153513859317076,0.011889505999096162,NaN,NaN,1706193880.308882,2.813461964891034,-1167.9280712504485,0.9977497944552943,1706193880.308882,nan,nan,nan,0.029335955157876015,0.042245909571647644,1.0559383630752563
1706193880.3713298,1706193880.3762765,26.68268586537728,24.154073672272276,0.011468442939842033,NaN,NaN,1706193880.3880844,3.134469822314698,-1190.9402398570573,0.9977955720906604,1706193880.3880844,nan,nan,nan,0.011879850178956985,0.04103194549679756,1.023526668548584
1706193880.448243,1706193880.4532769,26.711223779599074,24.154377276016678,0.011650442519421211,NaN,NaN,1706193880.4647846,3.4963988285920746,-1213.976803860697,0.9980907884918395,1706193880.4647846,nan,nan,nan,0.03442732244729996,0.03326258063316345,1.0225520133972168
1706193880.5244067,1706193880.5298228,26.726902404548458,24.15466832252938,0.011802598545522597,NaN,NaN,1706193880.547778,3.858948534239994,-1236.806082498157,0.9981165202306468,1706193880.547778,nan,nan,nan,0.02642660401761532,0.03811843320727348,1.0208460092544556
1706193880.6009107,1706193880.6066446,26.741246712085943,24.15494786905161,0.011702223839423986,NaN,NaN,1706193880.6182647,4.17824414696027,-1256.6018695917644,0.997634921997772,1706193880.6180618,nan,nan,nan,0.03442732244729996,0.04200311377644539,1.0366864204406738
1706193880.6767645,1706193880.681202,26.768196966599174,24.155252885380413,0.011392490773381336,NaN,NaN,1706193880.693082,4.453227266106498,-1279.414822218816,0.9973694447822176,1706193880.693082,nan,nan,nan,0.007515823468565941,0.0024279258213937283,1.0145100355148315
1706193880.7542048,1706193880.7600327,26.799187747371377,24.156134791056704,0.010774917590102462,NaN,NaN,1706193880.7704945,5.422695909700545,-1299.5789279654068,0.9973001817920234,1706193880.7704945,nan,nan,nan,0.018910780549049377,0.09493190050125122,1.0764089822769165
1706193880.82971,1706193880.8369255,26.813346442967955,24.156473211546984,0.011022201820402172,NaN,NaN,1706193880.8453736,4.975867316206906,-1322.6919389608709,0.9971331485133286,1706193880.8453736,nan,nan,nan,0.028366170823574066,0.01772385649383068,1.0191402435302734
1706193880.9076517,1706193880.9144108,26.841730599169527,24.15693546099151,0.011067253952930262,NaN,NaN,1706193880.9240763,4.520803288817079,-1345.887650609625,0.9969450297639905,1706193880.9230793,nan,nan,nan,0.021335240453481674,0.03617609292268753,1.035224199295044
1706193880.985238,1706193880.9910674,26.857400329114427,24.15703518286493,0.01110943545665899,NaN,NaN,1706193881.0025737,4.190847940970389,-1369.2171826747272,0.9966311625551733,1706193881.0025737,nan,nan,nan,0.004364026710391045,0.019423406571149826,1.0135352611541748
1706193881.0610943,1706193881.067832,26.868892536605617,24.157157539033836,0.0110663095486708,NaN,NaN,1706193881.077863,4.755334636630561,-1389.2938478193057,0.996533231993399,1706193881.0768268,nan,nan,nan,0.019153228029608727,0.031563032418489456,1.026207447052002
1706193881.1387136,1706193881.1445324,26.90076954068232,24.158495867045264,0.010563176016530007,NaN,NaN,1706193881.1551988,5.477955607155189,-1412.454577956796,0.9966122925166229,1706193881.1551988,nan,nan,nan,0.020365456119179726,0.0424887016415596,1.0227956771850586
1706193881.2162967,1706193881.2231507,26.913507257308048,24.15864793113336,0.010553284083053088,NaN,NaN,1706193881.2329285,6.08109278261624,-1434.8633339492824,0.9969290975333206,1706193881.2329285,nan,nan,nan,0.00654603959992528,0.03350537270307541,1.0661736726760864
1706193881.294183,1706193881.3008804,26.943399086268744,24.1591448682984,0.010687654585417816,NaN,NaN,1706193881.310758,6.230365833255298,-1452.9663723469032,0.9970051806625235,1706193881.3097568,nan,nan,nan,0.008243161253631115,0.0014567554462701082,1.0340057611465454
1706193881.372042,1706193881.3787844,26.969488723374557,24.159452733043974,0.010719944192054076,NaN,NaN,1706193881.3896675,6.880094343561092,-1472.2346783109688,0.9970359549615482,1706193881.3896675,nan,nan,nan,-0.002221520757302642,0.04831572249531746,1.044240951538086
1706193881.4488883,1706193881.4545546,26.98144984318231,24.160379085051215,0.010243909812025775,NaN,NaN,1706193881.4652338,7.186777663271797,-1490.4381207760678,0.997188001193459,1706193881.4652338,nan,nan,nan,-0.012341782450675964,0.06045534834265709,0.9830730557441711
1706193881.5267553,1706193881.531195,27.002989868271897,24.16076485553137,0.010308235095178725,NaN,NaN,1706193881.5432196,7.226563359194116,-1507.2571407034432,0.9969750928328639,1706193881.5432196,nan,nan,nan,0.005576256196945906,0.0276783537119627,1.0135352611541748
1706193881.6031964,1706193881.610329,27.01308415421646,24.160764838063855,0.01028147185001077,NaN,NaN,1706193881.6195958,7.500107572590655,-1521.2050100541226,0.9972132911177175,1706193881.6195958,nan,nan,nan,0.01672876812517643,0.03714726120233536,1.0656863451004028
1706193881.6808023,1706193881.685537,27.023760318387282,24.160961358130397,0.010408548861268963,NaN,NaN,1706193881.6965046,7.589583293757963,-1536.0663872541975,0.9972616152329453,1706193881.6965046,nan,nan,nan,0.018910780549049377,0.022336916998028755,1.0639803409576416
1706193881.755741,1706193881.7641532,27.04183149467715,24.161186527944327,0.010524943999683262,NaN,NaN,1706193881.7732503,7.653658581998328,-1549.6938865636012,0.9971748901914158,1706193881.7732503,nan,nan,nan,0.019153228029608727,0.013596383854746819,1.0481401681900024
1706193881.8308403,1706193881.8354995,27.059294916119843,24.161150281475226,0.01025176542244896,NaN,NaN,1706193881.8470218,8.071535676576445,-1560.8752928280373,0.9970336025485276,1706193881.8470218,nan,nan,nan,0.006061147898435593,0.05268598720431328,1.030106544494629
1706193881.9070125,1706193881.9113038,27.06706250394303,24.16128211276919,0.010343964741109934,NaN,NaN,1706193881.9231536,7.981945117886327,-1573.005837200794,0.9971552041178094,1706193881.9231536,nan,nan,nan,0.0007273377268575132,0.05389995500445366,0.9996444582939148
1706193881.9841857,1706193881.9890983,27.0832941603523,24.1620028070065,0.00977301031214814,NaN,NaN,1706193882.0018349,7.620255436134112,-1582.9238768842513,0.9971828441098401,1706193882.0008368,nan,nan,nan,0.015516539104282856,0.0276783537119627,1.0213334560394287
1706193882.0619001,1706193882.066294,27.09017910916613,24.16195032688395,0.009814287495667012,NaN,NaN,1706193882.0911198,7.562490261128056,-1594.9238609392353,0.9972564792107339,1706193882.0911198,nan,nan,nan,0.0021820133551955223,0.0369044728577137,1.0123167037963867
1706193882.1549294,1706193882.1611826,27.103729933860585,24.16196511699246,0.009806910197844187,NaN,NaN,1706193882.1874108,7.7514019964294025,-1607.146093208897,0.997202180041334,1706193882.1874108,nan,nan,nan,-0.0,0.048558514565229416,1.008173942565918
1706193882.2462258,1706193882.2512076,27.114764519676378,24.162122577343144,0.009588539771587495,NaN,NaN,1706193882.2756846,7.953177404929899,-1617.1514393380987,0.9968206864989073,1706193882.2756846,nan,nan,nan,0.004364026710391045,0.04661617428064346,1.0237704515457153
1706193882.3368845,1706193882.3413303,27.121150244243047,24.162255218321125,0.009327125651065388,NaN,NaN,1706193882.3668916,8.253154931707048,-1626.3841488547732,0.9965722216434019,1706193882.3668916,nan,nan,nan,0.013576971367001534,0.04103194549679756,1.0181653499603271
1706193882.4308164,1706193882.437008,27.131093109251374,24.162463578226486,0.009144286880899521,NaN,NaN,1706193882.4601355,8.554671454581595,-1635.0505000479777,0.9965793159187244,1706193882.4601355,nan,nan,nan,0.012364741414785385,0.02476484328508377,1.0410728454589844
1706193882.5232158,1706193882.531215,27.140999702407687,24.162523096179292,0.00917904223245744,NaN,NaN,1706193882.5522814,8.842309335019028,-1643.2278572037285,0.9965872713066771,1706193882.5522814,nan,nan,nan,0.015274092555046082,0.03981798142194748,1.0242578983306885
1706193882.615217,1706193882.6198006,27.150238133901453,24.162634421195886,0.009374117898027418,NaN,NaN,1706193882.6452236,9.05674534483438,-1651.7680087354208,0.996859970459307,1706193882.6442208,nan,nan,nan,0.014546754769980907,0.04054636135697365,1.0232830047607422
1706193882.7065556,1706193882.7111883,27.158326460442012,24.162775620393653,0.009597779397911788,NaN,NaN,1706193882.7365618,9.024928557355304,-1658.8292579115914,0.9969295351256877,1706193882.7365618,nan,nan,nan,0.01648632250726223,0.03277700021862984,1.0322998762130737
1706193882.799267,1706193882.8036215,27.162065863151074,24.162822355245762,0.009619427093344207,NaN,NaN,1706193882.8287404,8.882496697429527,-1665.1478827286035,0.9969185668505601,1706193882.8287404,nan,nan,nan,0.011152512393891811,0.03399096056818962,1.0391234159469604
1706193882.8917508,1706193882.897134,27.16929184462707,24.16283983303483,0.009710870877528727,NaN,NaN,1706193882.9212198,8.738368375003873,-1670.9161992091817,0.9969664237911872,1706193882.9212198,nan,nan,nan,0.02472948282957077,0.026464389637112617,1.0325435400009155
1706193882.9842222,1706193882.991188,27.177592588288544,24.163409705116297,0.009876200719793171,NaN,NaN,1706193883.012193,8.797871091312622,-1676.953301838107,0.9969609300777326,1706193883.012193,nan,nan,nan,0.018183445557951927,0.033019788563251495,1.0303502082824707
1706193883.0621972,1706193883.0664277,27.180595944082967,24.163423306817503,0.009835446877841186,NaN,NaN,1706193883.0923345,8.862548219732805,-1680.9081004670127,0.9969158881156339,1706193883.0923345,nan,nan,nan,0.022305024787783623,0.032291412353515625,1.034493088722229
1706193883.1542928,1706193883.1594074,27.18653805821523,24.163504380282646,0.009758836030468065,NaN,NaN,1706193883.1811128,8.915370285245984,-1685.5533308278325,0.996912072847845,1706193883.1811128,nan,nan,nan,0.02472948282957077,0.026707183569669724,1.0522829294204712
1706193883.231799,1706193883.2366698,27.191350537675056,24.16357225742424,0.00980347725139688,NaN,NaN,1706193883.2613482,8.958240882689568,-1689.2546027711849,0.9970175775918676,1706193883.2613482,nan,nan,nan,0.022305024787783623,0.024522049352526665,1.0427788496017456
1706193883.3252888,1706193883.329842,27.196334964031827,24.163624467545052,0.009968535603475992,NaN,NaN,1706193883.3552842,8.927273217122766,-1693.512538149274,0.9971888622466821,1706193883.3552842,nan,nan,nan,0.022547468543052673,0.030349070206284523,1.044728398323059
1706193883.417126,1706193883.4237356,27.198459334309057,24.163639659675386,0.010043038739265209,NaN,NaN,1706193883.4470103,8.909966309853118,-1697.0876465065032,0.9971352461766302,1706193883.4470103,nan,nan,nan,0.02472948282957077,0.027192767709493637,1.035224199295044
1706193883.5099375,1706193883.5144444,27.202693449788352,24.16367175055015,0.01004506539489966,NaN,NaN,1706193883.5392287,8.892788918537642,-1700.4646920889884,0.9971703689283891,1706193883.5392287,nan,nan,nan,0.023517252877354622,0.0313202403485775,1.0320560932159424
1706193883.6011589,1706193883.6101604,27.20637367909805,24.16369100284633,0.010086806235326318,NaN,NaN,1706193883.6308439,8.83865051946738,-1703.5523944753563,0.9971799398269585,1706193883.6308439,nan,nan,nan,0.02424459159374237,0.028649523854255676,1.0318124294281006
1706193883.6918414,1706193883.695978,27.20987092784944,24.163706974619643,0.010114471678802889,NaN,NaN,1706193883.7222464,8.79516840854273,-1706.3953600780483,0.9971334930123973,1706193883.7222464,nan,nan,nan,0.021577686071395874,0.02986348792910576,1.026938557624817
1706193883.7842395,1706193883.7909257,27.21303490564516,24.163722471056136,0.01014241595630358,NaN,NaN,1706193883.814212,8.79913992232815,-1709.2417181298047,0.9972250439096059,1706193883.814212,nan,nan,nan,0.019880564883351326,0.033019788563251495,1.0257201194763184
1706193883.877363,1706193883.8840384,27.214446442271644,24.163726620563505,0.01016239183250467,NaN,NaN,1706193883.9076393,8.801306778396757,-1711.6534002447038,0.9972692288577887,1706193883.9076393,nan,nan,nan,0.02400214597582817,0.035204920917749405,1.024745225906372
1706193883.9698434,1706193883.9746764,27.217128159937513,24.163725594915817,0.010191052947032236,NaN,NaN,1706193883.9996915,8.821052250271295,-1713.9263498864238,0.9972046599282732,1706193883.9996915,nan,nan,nan,0.021820131689310074,0.029377900063991547,1.0366864204406738
1706193884.0623949,1706193884.0683935,27.219642218617523,24.163713724247874,0.01011126964078296,NaN,NaN,1706193884.091249,8.843375827943326,-1716.0559349283903,0.9971936857970128,1706193884.091249,nan,nan,nan,0.017940998077392578,0.036418888717889786,1.029862880706787
1706193884.1552896,1706193884.1597173,27.222187721498624,24.163701425837477,0.010091541039623425,NaN,NaN,1706193884.1850874,8.890667610137081,-1718.2053836021782,0.9971903676490578,1706193884.1850874,nan,nan,nan,0.019153228029608727,0.03350537270307541,1.0315687656402588
1706193884.247248,1706193884.2518528,27.224321139804633,24.163713176850962,0.010011697202586767,NaN,NaN,1706193884.2773454,8.964185631282627,-1720.0507385982326,0.9970682648617948,1706193884.2768824,nan,nan,nan,0.02303236350417137,0.028649523854255676,1.0361989736557007
1706193884.3391154,1706193884.343506,27.225435394327317,24.163728710883944,0.009921973435944559,NaN,NaN,1706193884.3688622,9.061325853254871,-1721.7502941194932,0.9969763269530617,1706193884.3688622,nan,nan,nan,0.022305024787783623,0.030834658071398735,1.0335183143615723
1706193884.4318337,1706193884.4364455,27.227444424155888,24.16377311178779,0.009811199713486984,NaN,NaN,1706193884.4612224,9.153209545113743,-1723.3189248522144,0.9969777050554667,1706193884.4612224,nan,nan,nan,0.02497193031013012,0.028163937851786613,1.0315687656402588
1706193884.5242856,1706193884.5297585,27.22916061693634,24.163823567520584,0.009784725749435785,NaN,NaN,1706193884.5546012,9.274207285431597,-1724.8259982870798,0.9969745608569279,1706193884.5546012,nan,nan,nan,0.022547468543052673,0.0313202403485775,1.0303502082824707
1706193884.6173708,1706193884.6234689,27.23073806596942,24.163882253791915,0.009702699254218211,NaN,NaN,1706193884.6471698,9.391460060105754,-1726.1393992126618,0.9969783932139802,1706193884.6471698,nan,nan,nan,0.02545681968331337,0.02986348792910576,1.0347368717193604
1706193884.7093527,1706193884.7132936,27.232210446935888,24.163938591529575,0.009600532119509508,NaN,NaN,1706193884.7406218,9.506725161057675,-1727.4471888926364,0.996849628939759,1706193884.7396202,nan,nan,nan,0.023517252877354622,0.030106279999017715,1.0286444425582886
1706193884.8009033,1706193884.8056986,27.232956974209348,24.16397944172945,0.009583199920595198,NaN,NaN,1706193884.8307748,9.578267085050978,-1728.5017246117795,0.9968148284342095,1706193884.8307748,nan,nan,nan,0.023517252877354622,0.03326258063316345,1.0308376550674438
1706193884.8932655,1706193884.8996599,27.234227090918044,24.16404120781221,0.00954080674225502,NaN,NaN,1706193884.9253998,9.691602050659059,-1729.7164632397648,0.9967929536033395,1706193884.9253998,nan,nan,nan,0.02472948282957077,0.02913510985672474,1.0322998762130737
1706193884.9876695,1706193884.9969077,27.23548203849126,24.164112570173497,0.009511787637131452,NaN,NaN,1706193885.0179496,9.801278326196181,-1730.6825340631558,0.9967468021963776,1706193885.0179496,nan,nan,nan,0.020123012363910675,0.03326258063316345,1.0315687656402588
1706193885.080113,1706193885.0989726,27.236575388691,24.16417175824852,0.009467721058423306,NaN,NaN,1706193885.1097898,9.856078267614954,-1731.5831921845315,0.9967352434493324,1706193885.1097898,nan,nan,nan,0.02400214597582817,0.03180582821369171,1.0220645666122437
1706193885.1719303,1706193885.1777332,27.237062462092858,24.1641953209411,0.00948008400371353,NaN,NaN,1706193885.2012749,9.927013683033929,-1732.4039823739108,0.9967223463881165,1706193885.2012749,nan,nan,nan,0.02448703721165657,0.03253420814871788,1.029375433921814
1706193885.2652605,1706193885.271273,27.23801022165409,24.16422724033297,0.0094553531860396,NaN,NaN,1706193885.2972007,9.943138002045938,-1733.2458673736974,0.9967159606367926,1706193885.2972007,nan,nan,nan,0.022789916023612022,0.033019788563251495,1.0330308675765991
1706193885.3574026,1706193885.362386,27.23885874557014,24.16424240945963,0.00947291882147544,NaN,NaN,1706193885.3873713,10.001871155555873,-1733.921632541848,0.9967602459398948,1706193885.3873713,nan,nan,nan,0.020850349217653275,0.03399096056818962,1.0303502082824707
1706193885.4500797,1706193885.4548316,27.239641905584655,24.16427711023571,0.009512940234433914,NaN,NaN,1706193885.479841,10.036582687660484,-1734.5791238174297,0.9967723581998517,1706193885.479841,nan,nan,nan,0.027153942734003067,0.030106279999017715,1.0315687656402588
1706193885.5432816,1706193885.5484116,27.24001437640111,24.1642853113536,0.009512962932062469,NaN,NaN,1706193885.5722835,10.041269549230606,-1734.5958061545737,0.9967546858354054,1706193885.5722835,nan,nan,nan,0.036366891115903854,0.042974285781383514,1.0327872037887573
1706193885.635339,1706193885.6403596,27.240001090149192,24.164284705733692,0.009516635295204301,NaN,NaN,1706193885.665602,10.029700559998107,-1734.6434598001306,0.99675230452065,1706193885.6647983,nan,nan,nan,0.01575898379087448,0.029620693996548653,1.0325435400009155
1706193885.725849,1706193885.7322752,27.24000375848482,24.164283445171158,0.009515687283006419,NaN,NaN,1706193885.7563376,10.029481579255785,-1734.6872418677713,0.996761001230466,1706193885.7563376,nan,nan,nan,0.011879850178956985,0.03423375263810158,1.0308376550674438
1706193885.8180106,1706193885.8222907,27.23999201388524,24.16430331618403,0.009516676463555446,NaN,NaN,1706193885.8477266,10.104295151930504,-1734.5155730209656,0.9968632145706968,1706193885.8477266,nan,nan,nan,-0.009379754774272442,0.006555399391800165,1.0318124294281006
1706193885.9096003,1706193885.9183652,27.239103349504358,24.16599713030702,0.009507568916096859,NaN,NaN,1706193885.9398072,12.6682140884757,-1732.8493048213325,0.9968221238521807,1706193885.9398072,nan,nan,nan,0.0021820133551955223,-0.01688581332564354,1.0435099601745605
1706193886.0010061,1706193886.0054684,27.23786832521187,24.16827778063352,0.009450494598059161,NaN,NaN,1706193886.0497775,21.244794535450335,-1728.2381528452277,0.9969931400556158,1706193886.0495987,nan,nan,nan,0.00315179699100554,-0.03811369463801384,1.034493088722229
1706193886.1085083,1706193886.116512,27.229777388581873,24.1839799630719,0.00973557253584087,NaN,NaN,1706193886.1386774,33.265571450559754,-1722.0232958479746,0.9974703595460342,1706193886.1381192,nan,nan,nan,0.018668334931135178,-0.018815619871020317,1.059106469154358
1706193886.1996338,1706193886.2044022,27.225810263494072,24.191734225926808,0.00981239640116044,NaN,NaN,1706193886.2290921,48.55358141858334,-1714.363851454433,0.9969480233767665,1706193886.2290921,nan,nan,nan,0.044125158339738846,0.038604021072387695,1.054476261138916
1706193886.2918632,1706193886.296156,27.21702352185399,24.209214002538936,0.00968163466331759,NaN,NaN,1706193886.3210196,63.10196788695319,-1706.8921090632007,0.9956860083969927,1706193886.3210196,nan,nan,nan,0.010667620226740837,0.03836122900247574,1.021089792251587
1706193886.3843992,1706193886.3888423,27.208844729215855,24.22535000666771,0.009398794146333406,NaN,NaN,1706193886.414248,78.80326232718907,-1698.7412027642804,0.9957923577379506,1706193886.414248,nan,nan,nan,0.015274092555046082,0.026464389637112617,1.0288881063461304
1706193886.4759874,1706193886.4814205,27.200278463711903,24.24195636376074,0.009726008733670494,NaN,NaN,1706193886.5058706,92.90430518096336,-1691.1383589782236,0.9962087057711629,1706193886.5058706,nan,nan,nan,0.04000357538461685,0.009711703285574913,1.0330308675765991
1706193886.569487,1706193886.5766828,27.1921369889947,24.25767568527107,0.009730342568874478,NaN,NaN,1706193886.599078,107.2136774518039,-1683.9949511242942,0.9958473502692714,1706193886.599078,nan,nan,nan,0.03297264501452446,0.04200311377644539,1.0386359691619873
1706193886.6608663,1706193886.664738,27.18750541318689,24.26735911348404,0.009709258471842952,NaN,NaN,1706193886.6918683,123.25198799000871,-1676.079153896127,0.9951616954672926,1706193886.6918683,nan,nan,nan,0.008485606871545315,0.04710175842046738,1.026207447052002
1706193886.7508824,1706193886.7557743,27.179408069071794,24.283043719071458,0.009495724253617915,NaN,NaN,1706193886.781875,135.6498601002427,-1669.6477298789496,0.9958763783576627,1706193886.7810133,nan,nan,nan,0.01769855059683323,0.033748168498277664,1.02303946018219
1706193886.8433187,1706193886.8483949,27.171251170250436,24.29894066364154,0.009806515775451274,NaN,NaN,1706193886.8733187,151.05312872220279,-1661.404013565107,0.9965832522623722,1706193886.8723724,nan,nan,nan,0.027153942734003067,0.025250427424907684,1.0325435400009155
1706193886.9353871,1706193886.9403877,27.163246662627945,24.31468989990744,0.009477113308222734,NaN,NaN,1706193886.9655232,164.80792064332343,-1653.6732374397004,0.9958557422425,1706193886.9645174,nan,nan,nan,0.04097335785627365,0.02840672992169857,1.0415602922439575
1706193887.025591,1706193887.0302277,27.154247502822365,24.33204546783969,0.009134308527858737,NaN,NaN,1706193887.0576398,178.62174852304972,-1646.0114218420374,0.9950841816435805,1706193887.0567331,nan,nan,nan,0.017940998077392578,0.03326258063316345,1.02157723903656
1706193887.115823,1706193887.1204417,27.150213053699293,24.340002071379427,0.009228405756697478,NaN,NaN,1706193887.1453235,192.596356659288,-1638.297416756261,0.9951769834672761,1706193887.1453235,nan,nan,nan,0.027881281450390816,0.01456755492836237,1.0386359691619873
1706193887.2094562,1706193887.2143288,27.143153896833887,24.353619220696196,0.00950593476540812,NaN,NaN,1706193887.2393594,207.04651654842613,-1630.565101928493,0.9955306093065259,1706193887.2393594,nan,nan,nan,0.03224530443549156,0.0276783537119627,1.029375433921814
1706193887.3019874,1706193887.307942,27.132500349923205,24.372708505366184,0.009116826555988555,NaN,NaN,1706193887.3313339,221.29547022950823,-1622.8261543455733,0.99456627008802,1706193887.3313339,nan,nan,nan,0.03394242748618126,0.04685896635055542,1.0257201194763184
1706193887.3943937,1706193887.399353,27.12392884054034,24.389432890072925,0.008607500751462965,NaN,NaN,1706193887.4245553,236.55979154669865,-1614.5261799158213,0.9934712356421039,1706193887.4245553,nan,nan,nan,0.019880564883351326,0.021122954785823822,1.035224199295044
1706193887.4873931,1706193887.4923482,27.11534843654006,24.405973262547416,0.008731227462903307,NaN,NaN,1706193887.519428,251.10396832394795,-1607.2277063821239,0.9941912004754783,1706193887.5191245,nan,nan,nan,0.03442732244729996,0.025736013427376747,1.0457031726837158
1706193887.580892,1706193887.5856102,27.11169503420577,24.413219862167654,0.00896378470982448,NaN,NaN,1706193887.6102707,265.54558889084024,-1599.9392158017715,0.9948163500100207,1706193887.6102707,nan,nan,nan,0.021092794835567474,0.022579709067940712,1.0257201194763184
1706193887.6744714,1706193887.6794026,27.10358124483295,24.429224560742313,0.00918324164334311,NaN,NaN,1706193887.704288,281.6768902102016,-1591.8165882283379,0.9948020329267212,1706193887.704288,nan,nan,nan,0.027881281450390816,0.038604021072387695,1.0374175310134888
1706193887.7673256,1706193887.7718656,27.09487693914445,24.445804162788672,0.009109519491309337,NaN,NaN,1706193887.797213,295.8232636602,-1584.593245438193,0.994868012950899,1706193887.797213,nan,nan,nan,0.029578402638435364,0.04540221393108368,1.0371737480163574
1706193887.8601363,1706193887.864363,27.084880351779326,24.460659280861574,0.009515771711449655,NaN,NaN,1706193887.889912,309.4160819237932,-1577.4585808837735,0.9954730835177856,1706193887.889912,nan,nan,nan,0.03369998186826706,0.02282250113785267,1.040341854095459
1706193887.9533734,1706193887.9675167,27.076964768156596,24.476237487076354,0.009212903029278297,NaN,NaN,1706193887.9923737,324.8767824922219,-1569.1896269063868,0.9958179466646631,1706193887.9913704,nan,nan,nan,0.023274807259440422,0.014081968925893307,1.045459508895874
1706193888.0453668,1706193888.0586665,27.068866163284365,24.492090136397376,0.009053567827544184,NaN,NaN,1706193888.083357,340.69604210373575,-1560.463546828457,0.9955922472216592,1706193888.083357,nan,nan,nan,0.029093509539961815,0.03471934050321579,1.0181653499603271
1706193888.1388218,1706193888.1434662,27.06467859114675,24.500171496313616,0.009235081160949232,NaN,NaN,1706193888.16908,352.7316083875999,-1553.7057906441755,0.9954136978904057,1706193888.16908,nan,nan,nan,0.02424459159374237,0.012139628641307354,1.0286444425582886
1706193888.2308998,1706193888.2355921,27.05578052603901,24.517766817278396,0.009660294797068453,NaN,NaN,1706193888.2598999,366.5587747151584,-1546.2066640575279,0.9959997638941115,1706193888.2598999,nan,nan,nan,0.02497193031013012,0.03277700021862984,1.0376611948013306
1706193888.321994,1706193888.3297484,27.04752235878751,24.533618063409893,0.010019687798391769,NaN,NaN,1706193888.3513982,380.85427369312265,-1538.508951737238,0.996030417876827,1706193888.3513982,nan,nan,nan,0.027396388351917267,0.027921147644519806,1.0332746505737305
1706193888.4143777,1706193888.420835,27.038478690408326,24.548890250661987,0.009654066564407565,NaN,NaN,1706193888.4448054,397.23270654283436,-1529.9905236053949,0.9950963079428479,1706193888.4437962,nan,nan,nan,0.03151796758174896,0.006555399391800165,1.0142662525177002
1706193888.509432,1706193888.5147831,27.030249091669788,24.564843725588297,0.009336209052694583,NaN,NaN,1706193888.5396056,412.14727726983307,-1522.5515061719022,0.9950882996124552,1706193888.5396056,nan,nan,nan,0.037336669862270355,0.052200403064489365,1.016459584236145
1706193888.6011047,1706193888.6085572,27.02616371595334,24.57286905169731,0.009619580106772718,NaN,NaN,1706193888.6308603,426.14662929565964,-1515.6038532528512,0.9960397333265468,1706193888.6308603,nan,nan,nan,0.036124441772699356,0.03981798142194748,1.02303946018219
1706193888.6944335,1706193888.700688,27.018104570805725,24.5885758203258,0.010054960925882983,NaN,NaN,1706193888.7253766,441.78849457364413,-1507.7600472709842,0.9961117982916579,1706193888.7243807,nan,nan,nan,0.02375970035791397,0.045159418135881424,1.0318124294281006
1706193888.7865362,1706193888.7914445,27.00968401799111,24.605245833909812,0.009787889659908344,NaN,NaN,1706193888.81694,455.9043111045874,-1500.4385160276115,0.995368229349251,1706193888.81694,nan,nan,nan,0.022547468543052673,0.02986348792910576,1.0310814380645752
1706193888.8779023,1706193888.8847983,27.001983319851938,24.620198633375498,0.009247180806254196,NaN,NaN,1706193888.90927,469.74475778744056,-1493.2301489553474,0.994986208807283,1706193888.90927,nan,nan,nan,0.03369998186826706,0.016509894281625748,1.0335183143615723
1706193888.969787,1706193888.9740539,26.992976587109492,24.636242120737737,0.008613288776757377,NaN,NaN,1706193888.999916,483.5919373515987,-1485.8466391611914,0.9954301001759316,1706193888.999916,nan,nan,nan,0.03418487310409546,0.03714726120233536,1.0410728454589844
1706193889.061302,1706193889.0678544,26.989021167812727,24.644156168840475,0.008458047900423149,NaN,NaN,1706193889.0913453,497.1706261584704,-1478.044241578946,0.995476142742883,1706193889.0913453,nan,nan,nan,0.03491221368312836,0.03350537270307541,1.0374175310134888
1706193889.153397,1706193889.16235,26.980488868166706,24.660926736606626,0.008524848541585861,NaN,NaN,1706193889.1886358,512.5230018910725,-1469.2709303692884,0.9950845159947734,1706193889.1886358,nan,nan,nan,0.02472948282957077,0.006312606856226921,1.1127198934555054
1706193889.2465427,1706193889.2513328,26.972118389503486,24.676894021855315,0.008787882598914137,NaN,NaN,1706193889.2766602,526.865133579727,-1461.5888393975033,0.9956110564607384,1706193889.2756662,nan,nan,nan,0.030548185110092163,0.019423406571149826,1.0159721374511719
1706193889.3401718,1706193889.3454,26.963401447512663,24.693670519891697,0.009365568315792244,NaN,NaN,1706193889.3699274,541.3547771736622,-1454.3559268258916,0.9963050546034854,1706193889.3699274,nan,nan,nan,0.035881996154785156,0.0276783537119627,1.02157723903656
1706193889.4333797,1706193889.438375,26.95544366769226,24.709655932905154,0.009059092269167207,NaN,NaN,1706193889.4643486,557.5725288901416,-1445.9143813760065,0.9954777943660926,1706193889.4633532,nan,nan,nan,0.037094224244356155,0.061426520347595215,1.0320560932159424
1706193889.524366,1706193889.5298507,26.950680868346264,24.718272872390628,0.008156571451936656,NaN,NaN,1706193889.5544624,571.0264535440779,-1438.4004427903665,0.9942512844419898,1706193889.5544624,nan,nan,nan,0.014789201319217682,0.00995449535548687,1.0198713541030884
1706193889.6155019,1706193889.6204977,26.942535318106327,24.734062288851728,0.007748882520668993,NaN,NaN,1706193889.6455483,585.5009152440799,-1431.201888538782,0.9949874521741698,1706193889.6455483,nan,nan,nan,0.025941714644432068,0.0441882498562336,1.0001319646835327
1706193889.7092052,1706193889.7144694,26.934360169780145,24.74983112823479,0.00835796432955005,NaN,NaN,1706193889.7391775,599.9089912393285,-1424.1927232219357,0.9960448013502066,1706193889.7391775,nan,nan,nan,0.023517252877354622,0.0313202403485775,1.0206023454666138
1706193889.801044,1706193889.8055952,26.926022022411978,24.76666152314918,0.008613912822521524,NaN,NaN,1706193889.8310318,614.0575476010556,-1416.9741367643367,0.9957043944402509,1706193889.8310318,nan,nan,nan,0.03539710119366646,0.03204862028360367,1.0071990489959717
1706193889.894647,1706193889.8997154,26.917996591002332,24.782567214957663,0.008117514251846702,NaN,NaN,1706193889.9254022,629.5525068629767,-1408.5666484487924,0.9945376661801565,1706193889.9254022,nan,nan,nan,0.029335955157876015,0.03617609292268753,1.0237704515457153
1706193889.9860501,1706193889.9905572,26.908950045579825,24.799721293841,0.007986580921530984,NaN,NaN,1706193890.0162258,643.4916436958073,-1400.9981503045387,0.9955753414560161,1706193890.015796,nan,nan,nan,0.029335955157876015,0.03957518935203552,1.0318124294281006
1706193890.076441,1706193890.0813434,26.90643998408896,24.804450610685223,0.008152689767168653,NaN,NaN,1706193890.1066458,657.4527475489937,-1393.2322676131744,0.9966594266679575,1706193890.1066458,nan,nan,nan,0.02424459159374237,0.01699548028409481,1.0366864204406738
1706193890.1686084,1706193890.1735208,26.89656276182354,24.823372614026432,0.009384836035952693,NaN,NaN,1706193890.1985781,671.4154721993651,-1385.35947363541,0.9964059726691841,1706193890.1985781,nan,nan,nan,0.03951868414878845,0.02063736878335476,1.0393670797348022
1706193890.2603996,1706193890.265328,26.88845350207461,24.839433861945558,0.009283614636499515,NaN,NaN,1706193890.2903697,685.6368967960831,-1377.7148383688047,0.9953360966757133,1706193890.2903697,nan,nan,nan,0.02303236350417137,0.030349070206284523,1.0471653938293457
1706193890.3523571,1706193890.3572044,26.87991831726634,24.8561959323677,0.009388846019110192,NaN,NaN,1706193890.3813777,700.0108957544778,-1370.315344450715,0.9956461047447637,1706193890.3813777,nan,nan,nan,0.029093509539961815,0.01918061450123787,1.029862880706787
1706193890.445367,1706193890.450354,26.871713900362277,24.872204752740153,0.009893704081534282,NaN,NaN,1706193890.475378,716.5042689090316,-1362.197321797347,0.9964239193156664,1706193890.4743705,nan,nan,nan,0.014546754769980907,0.03957518935203552,1.0471653938293457
1706193890.5395474,1706193890.543653,26.86770137904996,24.880217852193553,0.009842552854125719,NaN,NaN,1706193890.5691965,730.5252137790574,-1354.8700829645827,0.995255103998392,1706193890.5691965,nan,nan,nan,0.026911497116088867,0.03884681314229965,1.0281569957733154
1706193890.6323652,1706193890.6372805,26.86056400458764,24.894684743462737,0.00926048946852781,NaN,NaN,1706193890.661331,744.4412612628605,-1347.8064576137056,0.9943209826121774,1706193890.661331,nan,nan,nan,0.017940998077392578,0.01699548028409481,1.0315687656402588
1706193890.7243524,1706193890.7323098,26.851659064305252,24.90942233865371,0.008970096513103626,NaN,NaN,1706193890.754368,760.6369681384724,-1339.9896678820292,0.9951794758914531,1706193890.754368,nan,nan,nan,0.02472948282957077,0.04685896635055542,1.0310814380645752
1706193890.818673,1706193890.823442,26.843152252841445,24.92641287741289,0.009436436128228393,NaN,NaN,1706193890.8486867,774.8065047905984,-1332.6634125540388,0.9956587356870965,1706193890.8486867,nan,nan,nan,0.020607901737093925,0.03836122900247574,1.029862880706787
1706193890.9110785,1706193890.9159214,26.83503792599568,24.94227128498379,0.009288114316495677,NaN,NaN,1706193890.9408824,788.845873827889,-1325.262675004549,0.9953611336787035,1706193890.9408824,nan,nan,nan,0.02642660401761532,0.011654043570160866,1.0391234159469604
1706193891.0045125,1706193891.0105107,26.82693760783178,24.957769514512595,0.008584719096957766,NaN,NaN,1706193891.0344713,804.7170263128183,-1316.675280549061,0.9950226450045219,1706193891.0344713,nan,nan,nan,0.03248775377869606,0.0480729304254055,1.0476528406143188
1706193891.0964596,1706193891.10228,26.822473799536418,24.966482355599517,0.00864699330219515,NaN,NaN,1706193891.1264622,818.1587697005727,-1309.114801871406,0.9959127277715866,1706193891.1264622,nan,nan,nan,0.026669051498174667,0.03714726120233536,1.0410728454589844
1706193891.1886601,1706193891.1954021,26.814608385280515,24.98166889041163,0.008951685852976066,NaN,NaN,1706193891.218119,831.3233538026544,-1302.0658177493517,0.9969533491271909,1706193891.218119,nan,nan,nan,0.04994386062026024,0.020394576713442802,1.0678796768188477
1706193891.2790027,1706193891.283426,26.808018639565358,24.995491941196605,0.00896841779656496,NaN,NaN,1706193891.3086376,843.8695649264826,-1295.5250398314206,0.9965186491624102,1706193891.3086376,nan,nan,nan,0.04097335785627365,0.04467383399605751,1.0179216861724854
1706193891.3713493,1706193891.376388,26.801603416089815,25.007911528586035,0.008677095356272951,NaN,NaN,1706193891.4023032,855.1380006595751,-1289.445878027617,0.9953956986849456,1706193891.4023032,nan,nan,nan,0.02497193031013012,0.04880130663514137,1.000862956047058
1706193891.4634352,1706193891.4687028,26.798211246317013,25.014587808735815,0.008430009897141766,NaN,NaN,1706193891.4935114,866.6165262934919,-1283.1080457665685,0.9953299963856226,1706193891.4925086,nan,nan,nan,0.03127552196383476,0.027192767709493637,1.0227956771850586
1706193891.555439,1706193891.5599198,26.79207802320315,25.026320694385447,0.00853494988201342,NaN,NaN,1706193891.585509,876.6394910530696,-1278.025503064941,0.9957662253601567,1706193891.5845025,nan,nan,nan,0.03951868414878845,0.035204920917749405,1.039610743522644
1706193891.6485846,1706193891.6531641,26.786478012634973,25.03743600494513,0.008657255466213792,NaN,NaN,1706193891.6790369,885.9153998168795,-1273.4448985267456,0.9958901086725559,1706193891.6780381,nan,nan,nan,0.03369998186826706,0.052928779274225235,1.021089792251587
1706193891.7402313,1706193891.7486715,26.781769606353254,25.047035710975866,0.008641613784701047,NaN,NaN,1706193891.7706594,894.2733449564864,-1269.3550304876842,0.9955889450793863,1706193891.7692273,nan,nan,nan,0.03297264501452446,0.04613059014081955,1.025476336479187
1706193891.8313982,1706193891.8367002,26.777280503588806,25.056112000471728,0.008321664647732957,NaN,NaN,1706193891.8613477,901.8093206176434,-1265.5971834019404,0.9949430607754814,1706193891.8613477,nan,nan,nan,0.03297264501452446,0.01918061450123787,1.0498460531234741
1706193891.9234798,1706193891.929851,26.775202009117066,25.0600852283969,0.00828871656873506,NaN,NaN,1706193891.9534395,909.8243148287678,-1261.6882593215691,0.9948687418337481,1706193891.9524446,nan,nan,nan,0.018910780549049377,0.04491662606596947,1.0335183143615723
1706193892.0151892,1706193892.0199125,26.771103309520445,25.06797962121517,0.008493152148391081,NaN,NaN,1706193892.0447772,916.4401278704885,-1258.3929048268606,0.9949039181821031,1706193892.0447772,nan,nan,nan,0.019153228029608727,0.046373382210731506,1.0357115268707275
1706193892.1060991,1706193892.1103482,26.766657558270968,25.07379548228979,0.007766910729784887,NaN,NaN,1706193892.1358635,922.3752486659522,-1255.4502179602466,0.9952346189872773,1706193892.1358635,nan,nan,nan,0.029093509539961815,0.04054636135697365,1.0357115268707275
1706193892.19783,1706193892.204154,26.763320844296207,25.080326532850194,0.008119277641942091,NaN,NaN,1706193892.2290194,927.7632506715114,-1252.843715302955,0.9957663191528726,1706193892.2290194,nan,nan,nan,0.030548185110092163,0.03981798142194748,1.0393670797348022
1706193892.2912242,1706193892.2965906,26.760415043238236,25.085921379230864,0.008329544523494326,NaN,NaN,1706193892.3210888,932.5821328004176,-1250.3882606193654,0.9960999401714319,1706193892.3210888,nan,nan,nan,0.03273019939661026,0.03763284906744957,1.026938557624817
1706193892.384488,1706193892.3900976,26.75768417880173,25.09113503970074,0.0081203200771309,NaN,NaN,1706193892.4148817,937.7509794553532,-1247.763323363033,0.9960451241977883,1706193892.4148817,nan,nan,nan,0.03466976806521416,0.03496213257312775,1.0374175310134888
1706193892.4760113,1706193892.4814527,26.756261728584743,25.093845159293416,0.007982210072262075,NaN,NaN,1706193892.503759,942.109582342879,-1245.523570867742,0.9961189645708554,1706193892.503759,nan,nan,nan,0.03176041692495346,0.03496213257312775,1.025476336479187
1706193892.5689192,1706193892.5737233,26.75379947231817,25.098503374324036,0.007906998352561118,NaN,NaN,1706193892.5987751,946.0786755324445,-1243.4505639374418,0.9962441171050889,1706193892.5987751,nan,nan,nan,0.03466976806521416,0.03714726120233536,1.026938557624817
1706193892.6601098,1706193892.6643834,26.751505162067303,25.102983005572273,0.0077357254683200205,NaN,NaN,1706193892.6900086,949.6407667767512,-1241.542653280301,0.9959708018375458,1706193892.6900086,nan,nan,nan,0.03418487310409546,0.03399096056818962,1.029375433921814
1706193892.7511675,1706193892.7563596,26.749407460447443,25.10701833714071,0.007288778351374703,NaN,NaN,1706193892.7811382,952.8115942576075,-1239.7192781813058,0.9956246909430175,1706193892.7811382,nan,nan,nan,0.026669051498174667,0.028892317786812782,1.0340057611465454
1706193892.843497,1706193892.8483007,26.748342828026086,25.108967952169724,0.0072124257915213985,NaN,NaN,1706193892.8744988,956.1503849953543,-1237.7808105579243,0.9955858141548866,1706193892.8744988,nan,nan,nan,0.03321509063243866,0.0369044728577137,1.029862880706787
1706193892.9357226,1706193892.9404905,26.746488975867333,25.112319373096277,0.00722443775721987,NaN,NaN,1706193892.9657762,959.0460972761994,-1236.1945376986469,0.9955617848662024,1706193892.9657762,nan,nan,nan,0.028851065784692764,0.0313202403485775,1.0303502082824707
1706193893.0258815,1706193893.0307014,26.74483293905065,25.115493484831383,0.0072486702233326705,NaN,NaN,1706193893.055576,961.8995370527603,-1234.78558534883,0.9956075748628238,1706193893.055576,nan,nan,nan,0.03224530443549156,0.03277700021862984,1.029862880706787
1706193893.119555,1706193893.1244323,26.74328730907762,25.11868967559551,0.007256033253934424,NaN,NaN,1706193893.150561,964.6430585278943,-1233.4731989800193,0.9955955761549343,1706193893.150561,nan,nan,nan,0.03297264501452446,0.03763284906744957,1.0357115268707275
1706193893.2120278,1706193893.2172453,26.742600344330086,25.120130866476572,0.007252997068309036,NaN,NaN,1706193893.2415042,967.0857987553566,-1232.2662719036873,0.9955648018443435,1706193893.2415042,nan,nan,nan,0.029578402638435364,0.03811843320727348,1.0203588008880615
1706193893.305636,1706193893.310325,26.741263931474926,25.12289180526108,0.0072400613468774355,NaN,NaN,1706193893.3362641,969.5009065057706,-1231.0433776761117,0.9956564942033139,1706193893.3356485,nan,nan,nan,0.028608618304133415,0.03447654843330383,1.0225520133972168
1706193893.3969536,1706193893.402432,26.740167866434362,25.12513825015204,0.007295319596852895,NaN,NaN,1706193893.4267592,971.5279726652574,-1229.982398385299,0.9956931318563607,1706193893.4267592,nan,nan,nan,0.028366170823574066,0.03666168078780174,1.0318124294281006
1706193893.4893272,1706193893.4947069,26.73902765407278,25.12740460167511,0.007309054607339827,NaN,NaN,1706193893.5194783,973.3781833605096,-1229.0097156789602,0.9957255527943613,1706193893.5194783,nan,nan,nan,0.028123727068305016,0.035204920917749405,1.0252326726913452
1706193893.5798917,1706193893.5847435,26.738469704331596,25.128510785806775,0.007343289680212806,NaN,NaN,1706193893.6099963,975.0842462374518,-1228.0799942081155,0.9957704340560566,1706193893.6099963,nan,nan,nan,0.029093509539961815,0.038604021072387695,1.0249888896942139
1706193893.6735191,1706193893.6784372,26.737561605319048,25.13028209556637,0.007378078888496981,NaN,NaN,1706193893.7030249,976.7386787527598,-1227.1684118085536,0.9958649991168135,1706193893.7030249,nan,nan,nan,0.030790632590651512,0.03180582821369171,1.0279133319854736
1706193893.7644758,1706193893.7690742,26.73666289837696,25.13205211013764,0.007510204899521367,NaN,NaN,1706193893.796661,978.1568384940714,-1226.4346868425218,0.9961618521735787,1706193893.7956657,nan,nan,nan,0.028608618304133415,0.03714726120233536,1.0315687656402588
1706193893.8560548,1706193893.8603346,26.735870865717423,25.133642922260517,0.007756449575510388,NaN,NaN,1706193893.8873196,979.5418257847327,-1225.6917151464459,0.996332619724914,1706193893.8873196,nan,nan,nan,0.03176041692495346,0.03544771298766136,1.031325101852417
1706193893.9490836,1706193893.9534812,26.73511438434209,25.135141001872462,0.007873712339277,NaN,NaN,1706193893.9786408,980.7923855203107,-1225.034092911836,0.9964354426717421,1706193893.9786408,nan,nan,nan,0.029578402638435364,0.03277700021862984,1.0376611948013306
1706193894.0410469,1706193894.0456855,26.73473164764024,25.13591479342155,0.007910673522017714,NaN,NaN,1706193894.0720396,981.9314082277353,-1224.4200579042856,0.996565443699349,1706193894.0720396,nan,nan,nan,0.029820848256349564,0.03569050878286362,1.0337620973587036
1706193894.1335304,1706193894.1385424,26.734073178271252,25.13719633351852,0.007995272784149993,NaN,NaN,1706193894.1633813,983.0676342274772,-1223.7589417549582,0.9965424184423926,1706193894.1633813,nan,nan,nan,0.03200286254286766,0.03326258063316345,1.0327872037887573
1706193894.2245805,1706193894.2296193,26.73341687763572,25.138413237914744,0.007918742066586576,NaN,NaN,1706193894.254589,984.0038261088498,-1223.208222787458,0.9964048939263737,1706193894.254589,nan,nan,nan,0.029578402638435364,0.032291412353515625,1.0342494249343872
1706193894.315614,1706193894.3214893,26.73282422937293,25.13955567986192,0.007773336807847309,NaN,NaN,1706193894.346669,984.9356565568371,-1222.7244216776505,0.9963857649521012,1706193894.346669,nan,nan,nan,0.030548185110092163,0.033019788563251495,1.0357115268707275
1706193894.407586,1706193894.4125705,26.732328697655444,25.14058887346805,0.0077145100635807595,NaN,NaN,1706193894.4377766,985.7946984661857,-1222.2465271722733,0.9963817605935099,1706193894.4377766,nan,nan,nan,0.03200286254286766,0.03204862028360367,1.0349805355072021
1706193894.499931,1706193894.5052464,26.732049256759755,25.141117895948682,0.007694139765544006,NaN,NaN,1706193894.5294986,986.5530799854384,-1221.7499390467738,0.9963092465656583,1706193894.5294986,nan,nan,nan,0.03273019939661026,0.033748168498277664,1.0315687656402588
1706193894.5925462,1706193894.5977407,26.731533279608705,25.142016407118387,0.007584811105024597,NaN,NaN,1706193894.620058,987.2799570183221,-1221.301246915993,0.996268753434939,1706193894.620058,nan,nan,nan,0.031033078208565712,0.036418888717889786,1.0303502082824707
1706193894.6854053,1706193894.6906247,26.731082150317057,25.142822884338333,0.007486412786747526,NaN,NaN,1706193894.7155294,987.9754853982682,-1220.9039541554214,0.996242238723973,1706193894.7155294,nan,nan,nan,0.030063293874263763,0.03544771298766136,1.0264511108398438
1706193894.775666,1706193894.7805917,26.730713215366578,25.143581482486947,0.007465704741750567,NaN,NaN,1706193894.8059795,988.5665843458574,-1220.6097070338274,0.9962656245549537,1706193894.805458,nan,nan,nan,0.028366170823574066,0.035204920917749405,1.0322998762130737
1706193894.868156,1706193894.8741488,26.730478344603245,25.14412584993581,0.00745796293828474,NaN,NaN,1706193894.899396,988.8148529364757,-1220.5554956071512,0.9962748503949217,1706193894.899396,nan,nan,nan,0.029335955157876015,0.043459873646497726,1.0371737480163574
1706193894.9613125,1706193894.9679296,26.730482370753705,25.14412976299799,0.007460442652218291,NaN,NaN,1706193894.9909635,988.7151369789522,-1220.5445523902904,0.9962611787450777,1706193894.9909635,nan,nan,nan,0.037579119205474854,0.036418888717889786,1.0318124294281006
1706193895.0535517,1706193895.058742,26.73048891018586,25.144133220052424,0.007465682625871856,NaN,NaN,1706193895.083605,988.7031140950771,-1220.5515483039287,0.9962430752429344,1706193895.083605,nan,nan,nan,0.03248775377869606,0.027435559779405594,1.029862880706787
1706193895.145735,1706193895.1507258,26.730493194771817,25.144138122564037,0.007470299348831783,NaN,NaN,1706193895.1761546,988.7531032600019,-1220.4479853210403,0.9961982134068796,1706193895.1761546,nan,nan,nan,0.011152512393891811,0.12261024862527847,1.0274258852005005
1706193895.2376027,1706193895.2415524,26.729933074833017,25.143044229489863,0.007497168862844628,NaN,NaN,1706193895.2681274,986.2690350834611,-1218.9449174479719,0.9961494916916062,1706193895.2681274,nan,nan,nan,0.011879850178956985,0.05875580012798309,1.0240141153335571
1706193895.3300552,1706193895.3346503,26.72709335496841,25.138274464888894,0.0075578239005922865,NaN,NaN,1706193895.3610773,980.0075884258838,-1215.3647018290058,0.9960550575971501,1706193895.3600729,nan,nan,nan,0.0046064723283052444,0.10974223911762238,1.0240141153335571
1706193895.4221926,1706193895.4300332,26.724290033773997,25.13332703582751,0.007648540634582118,NaN,NaN,1706193895.451552,968.9060887055984,-1209.7266979514445,0.9956453627784653,1706193895.451552,nan,nan,nan,0.020607901737093925,0.07817921042442322,1.060325026512146
1706193895.5135174,1706193895.518458,26.71702817227674,25.11895548783642,0.008070475668578075,NaN,NaN,1706193895.543557,951.3483631114046,-1201.6471037285123,0.9948024574581213,1706193895.5425575,nan,nan,nan,0.030790632590651512,0.03981798142194748,1.0469216108322144
1706193895.606553,1706193895.6115267,26.709300705032177,25.103017289073076,0.00797291557546917,NaN,NaN,1706193895.636699,935.1269630459674,-1194.1676791554485,0.9939127018627685,1706193895.635752,nan,nan,nan,0.031033078208565712,0.006069814320653677,1.0335183143615723
1706193895.6986098,1706193895.7034252,26.700800311758808,25.085552071363235,0.007759635903735046,NaN,NaN,1706193895.728079,920.6357627901272,-1187.331997231278,0.9940233162247633,1706193895.728079,nan,nan,nan,0.04218558967113495,0.025007635354995728,1.040341854095459
1706193895.789846,1706193895.7947605,26.69262135354486,25.06912407766352,0.008098385743093045,NaN,NaN,1706193895.8193312,906.9292344921973,-1180.8956938661163,0.9940523566346559,1706193895.8193312,nan,nan,nan,0.01697121374309063,0.05098643898963928,1.0259637832641602
1706193895.881273,1706193895.8974607,26.685111426094068,25.053417527451074,0.008549109382043313,NaN,NaN,1706193895.9112847,892.5012375813318,-1174.0613201754215,0.9947395018365665,1706193895.9112847,nan,nan,nan,0.030305739492177963,0.032291412353515625,1.0181653499603271
1706193895.972337,1706193895.9770494,26.680851932164813,25.044589090324518,0.008716638556989481,NaN,NaN,1706193896.001575,877.483682790406,-1166.767889502674,0.9952831362272433,1706193896.001575,nan,nan,nan,0.031033078208565712,0.013353591784834862,1.02303946018219
1706193896.0650666,1706193896.0720727,26.673362276679132,25.029673848290575,0.008471463866813383,NaN,NaN,1706193896.094477,861.6167758644708,-1158.9317362329518,0.9960231902410936,1706193896.094477,nan,nan,nan,0.04364026337862015,0.03666168078780174,1.02303946018219
1706193896.1569607,1706193896.1613536,26.663387170411244,25.00975457373327,0.008132667575595526,NaN,NaN,1706193896.1869469,847.3595021620719,-1152.221862254841,0.9960496024452717,1706193896.1869469,nan,nan,nan,0.029093509539961815,0.052928779274225235,1.0415602922439575
1706193896.2497401,1706193896.2546263,26.65595527574306,24.99461868723188,0.007830689404549507,NaN,NaN,1706193896.2798219,831.8432066074212,-1145.4727445083731,0.9958506557339715,1706193896.2788184,nan,nan,nan,0.022547468543052673,0.032291412353515625,1.019627571105957
1706193896.341579,1706193896.3466148,26.65163021914808,24.98572697258515,0.007644192678340739,NaN,NaN,1706193896.371391,816.0521632013514,-1138.4268661881335,0.9958278719108029,1706193896.371391,nan,nan,nan,0.037094224244356155,0.005827021785080433,1.0188965797424316
1706193896.434563,1706193896.4396217,26.64377171900369,24.969460476922826,0.007687100072778397,NaN,NaN,1706193896.46476,800.3886636191417,-1130.662135884046,0.9961412383572285,1706193896.46476,nan,nan,nan,0.03539710119366646,0.02840672992169857,1.016459584236145
1706193896.5265443,1706193896.5315552,26.63590140137697,24.953590513005338,0.007967635835183229,NaN,NaN,1706193896.5569386,786.1124060523014,-1123.6740417894864,0.9954152956115956,1706193896.5569386,nan,nan,nan,0.03369998186826706,0.053657159209251404,1.0322998762130737
1706193896.6200955,1706193896.6247892,26.627285633983313,24.936126601744082,0.007812911446170218,NaN,NaN,1706193896.6493535,770.4024690711828,-1116.7757810092887,0.9942854073794067,1706193896.6493535,nan,nan,nan,0.03321509063243866,0.01918061450123787,1.0332746505737305
1706193896.713424,1706193896.7182934,26.618157335085442,24.91970941790354,0.007320231234266172,NaN,NaN,1706193896.743337,753.7417423281462,-1108.8357199659854,0.9940244466546204,1706193896.743337,nan,nan,nan,0.03273019939661026,0.008254947140812874,1.0184091329574585
1706193896.806587,1706193896.811434,26.610105749014604,24.903716582231695,0.007497494428953255,NaN,NaN,1706193896.837639,739.6204394545106,-1101.9607647018795,0.9940835235686711,1706193896.836641,nan,nan,nan,0.01575898379087448,0.042974285781383514,1.029862880706787
1706193896.8997152,1706193896.9044602,26.60571438117869,24.895145039473046,0.007658655180433099,NaN,NaN,1706193896.9301043,724.8718729408289,-1095.1914218321226,0.9940490297575617,1706193896.92936,nan,nan,nan,0.027153942734003067,0.04880130663514137,1.0374175310134888
1706193896.9912896,1706193896.9956157,26.59788442013922,24.87921852542339,0.007726109901332906,NaN,NaN,1706193897.0211916,709.4446469244975,-1088.3202835132429,0.9940241465761588,1706193897.0211916,nan,nan,nan,0.04024602472782135,0.03496213257312775,1.0405855178833008
1706193897.0851169,1706193897.0974088,26.58979062495923,24.86215720311028,0.007560916462173217,NaN,NaN,1706193897.1150682,693.0201692281674,-1080.5169765456526,0.9942788561256553,1706193897.1150682,nan,nan,nan,0.035881996154785156,0.0033990959636867046,1.0201150178909302
1706193897.1767662,1706193897.1815915,26.581920831426718,24.846071284037585,0.007254626311036516,NaN,NaN,1706193897.20646,679.1875859060737,-1074.0207233181566,0.9945189188626701,1706193897.20646,nan,nan,nan,0.027881281450390816,0.024522049352526665,1.0308376550674438
1706193897.2679868,1706193897.272118,26.576612119666812,24.839523323395248,0.005543119707870137,NaN,NaN,1706193897.298496,665.1141661006149,-1067.2717273196383,0.9947607133762636,1706193897.298496,nan,nan,nan,0.030790632590651512,0.040060773491859436,1.026938557624817
1706193897.3603764,1706193897.3650255,26.568446622229896,24.822877217118762,0.0057999476257693805,NaN,NaN,1706193897.3903782,650.3440745686954,-1060.141097604482,0.9946067887522317,1706193897.3893719,nan,nan,nan,0.02521437592804432,0.0276783537119627,1.0347368717193604
1706193897.4537845,1706193897.4582515,26.560136477682285,24.805947341742975,0.005753942001296475,NaN,NaN,1706193897.484156,634.1793775910517,-1052.0655042350095,0.9943604617952426,1706193897.484156,nan,nan,nan,0.03830645605921745,0.03836122900247574,1.0201150178909302
1706193897.5458653,1706193897.5514944,26.552413789350936,24.79072157052573,0.005545959130441452,NaN,NaN,1706193897.5755332,619.385758020669,-1045.1914882555025,0.9934457178487803,1706193897.5755332,nan,nan,nan,0.023274807259440422,-0.06054770201444626,1.0191402435302734
1706193897.6396968,1706193897.6447425,26.544266909785907,24.773711954329197,0.005540083122245104,NaN,NaN,1706193897.669961,605.5085774208355,-1038.3437721166904,0.9928206965112073,1706193897.6689577,nan,nan,nan,0.02569926716387272,0.03180582821369171,1.0203588008880615
1706193897.7311885,1706193897.7387786,26.540044828292555,24.764719220052175,0.005422763544783937,NaN,NaN,1706193897.7611961,591.7393600793157,-1031.5081327050807,0.9923369861204171,1706193897.7611961,nan,nan,nan,0.027881281450390816,0.01699548028409481,1.0435099601745605
1706193897.8212945,1706193897.8299198,26.530941657221927,24.75080381312888,0.004755040114447634,NaN,NaN,1706193897.8512943,578.1050158424024,-1024.4340068594058,0.99296624428577,1706193897.8512943,nan,nan,nan,0.03345753625035286,0.05584229528903961,1.0303502082824707
1706193897.9135885,1706193897.9185693,26.522708101468783,24.7353466005624,0.005132968502884583,NaN,NaN,1706193897.9437456,562.3076725685081,-1016.74741856399,0.9936130404842374,1706193897.9437456,nan,nan,nan,0.008485606871545315,0.0036418887320905924,1.0110981464385986
1706193898.0066733,1706193898.0126808,26.514849787354574,24.71952129418973,0.00559087909251571,NaN,NaN,1706193898.03468,548.4437616638622,-1009.6086823734312,0.9946728369042578,1706193898.034222,nan,nan,nan,0.014304309152066708,0.03763284906744957,1.026938557624817
1706193898.0993907,1706193898.1067748,26.507139182264805,24.703411155100827,0.00598187635241898,NaN,NaN,1706193898.1299772,534.3883363607216,-1002.2484151117042,0.9951770950163429,1706193898.1299772,nan,nan,nan,0.036124441772699356,0.03933239355683327,1.0279133319854736
1706193898.1915123,1706193898.2005177,26.50318921715452,24.695283848342584,0.005903986354518526,NaN,NaN,1706193898.2214222,520.3690505040482,-995.133437911466,0.9952858654676394,1706193898.2214222,nan,nan,nan,0.03830645605921745,0.035933300852775574,1.046190619468689
1706193898.284579,1706193898.290612,26.494588064265475,24.678620286415725,0.005191850258649655,NaN,NaN,1706193898.3145652,504.3427604380992,-987.8319295703409,0.9947447356400034,1706193898.3145652,nan,nan,nan,0.009697836823761463,0.0016995479818433523,1.0198713541030884
1706193898.3770223,1706193898.3815777,26.486389913773422,24.661691661154975,0.004923342809387027,NaN,NaN,1706193898.4068184,490.73585479293763,-980.9296248276246,0.9952775344646538,1706193898.4068184,nan,nan,nan,0.02424459159374237,0.046373382210731506,1.0240141153335571
1706193898.4697163,1706193898.4754808,26.47763619995751,24.646285916639734,0.005898403776274458,NaN,NaN,1706193898.4988732,476.8074382028332,-973.8375137833089,0.9953160123471463,1706193898.4988732,nan,nan,nan,0.018183445557951927,0.03180582821369171,1.0318124294281006
1706193898.5614667,1706193898.5668352,26.469841689432734,24.630220137694316,0.005739075899550361,NaN,NaN,1706193898.5912058,462.92580238729465,-966.9643906224322,0.9949087653497495,1706193898.5912058,nan,nan,nan,0.035639550536870956,0.06531120836734772,1.0354679822921753
1706193898.6536694,1706193898.6614666,26.465413242103793,24.621420067926934,0.0055027561412025194,NaN,NaN,1706193898.683413,447.1992604892225,-959.7167976433451,0.9942007754988456,1706193898.683413,nan,nan,nan,0.021577686071395874,0.0609409362077713,1.0162159204483032
1706193898.7447934,1706193898.7509463,26.45770117574206,24.605254229814786,0.00557420885944121,NaN,NaN,1706193898.777121,433.41718402795004,-952.8781004608709,0.9936077438126938,1706193898.777121,nan,nan,nan,0.009697836823761463,0.05608508735895157,1.0327872037887573
1706193898.837728,1706193898.8427012,26.449307182855648,24.58853721944122,0.0056380070165185925,NaN,NaN,1706193898.867695,418.8114029936631,-945.134379660371,0.993740111446662,1706193898.867695,nan,nan,nan,0.00630359398201108,0.030349070206284523,1.0332746505737305
1706193898.9291346,1706193898.9335222,26.44089707780635,24.572732359116532,0.006017433969976976,NaN,NaN,1706193898.9564908,405.0118504742587,-937.5822922361596,0.994722636395391,1706193898.9561658,nan,nan,nan,0.04291292652487755,0.040060773491859436,1.0140225887298584
1706193899.0211961,1706193899.025248,26.436132426505402,24.563241413615476,0.00697033006780548,NaN,NaN,1706193899.0487187,391.78940890897934,-930.5742987714658,0.99560467892235,1706193899.0483937,nan,nan,nan,0.029335955157876015,0.05462832748889923,1.0347368717193604
1706193899.1136317,1706193899.1215599,26.42508634812692,24.54040112459499,0.007399729830395996,NaN,NaN,1706193899.142674,377.3997537570158,-923.4722864530967,0.9961922893788422,1706193899.141671,nan,nan,nan,0.027396388351917267,0.03569050878286362,1.0342494249343872
1706193899.2066746,1706193899.2124665,26.420859620542494,24.531354580459542,0.007245493647131451,NaN,NaN,1706193899.2367423,360.8402457736582,-915.2484555634535,0.9962800492653964,1706193899.2357445,nan,nan,nan,0.029093509539961815,0.03059186413884163,1.031325101852417
1706193899.2994225,1706193899.3065045,26.412987124118207,24.51475539769321,0.0068638425522233315,NaN,NaN,1706193899.3299322,346.47814928195396,-908.4362530474666,0.995836288281805,1706193899.329424,nan,nan,nan,0.05042875185608864,0.03836122900247574,1.031325101852417
1706193899.3914278,1706193899.3988686,26.40457970142894,24.497972151352187,0.006249462350456203,NaN,NaN,1706193899.421935,332.2946309107301,-902.1378062783235,0.9954308747048367,1706193899.4209292,nan,nan,nan,0.028608618304133415,0.03617609292268753,1.0308376550674438
1706193899.4847941,1706193899.489388,26.39698729224323,24.48188959850586,0.0060226591089583,NaN,NaN,1706193899.5148852,316.1994663464258,-894.683203364776,0.994887297553498,1706193899.5148852,nan,nan,nan,0.028366170823574066,0.03981798142194748,1.035224199295044
1706193899.5776875,1706193899.58268,26.393087045463492,24.473922724972624,0.005902651625803251,NaN,NaN,1706193899.6054423,301.53685063196815,-887.4864937845781,0.994206871657754,1706193899.6051073,nan,nan,nan,0.019395673647522926,0.005827021785080433,1.0320560932159424
1706193899.6694326,1706193899.6747186,26.384421780953765,24.455310220824057,0.006710371379197666,NaN,NaN,1706193899.7001376,287.96979691857626,-880.3508365337656,0.9945698848324263,1706193899.6994326,nan,nan,nan,0.030790632590651512,0.04321707785129547,1.0201150178909302
1706193899.7612002,1706193899.7659843,26.376864913244795,24.440318247048104,0.007173270481908245,NaN,NaN,1706193899.7912147,273.91850809667295,-873.3909264100571,0.9939891162845347,1706193899.790211,nan,nan,nan,0.027881281450390816,0.04685896635055542,1.0354679822921753
1706193899.8525283,1706193899.8586283,26.368649404509423,24.42352020218646,0.007185876051623186,NaN,NaN,1706193899.8828301,259.02413784167857,-866.4247278380491,0.9935893151872083,1706193899.8828301,nan,nan,nan,0.025941714644432068,0.03326258063316345,1.0303502082824707
1706193899.9447355,1706193899.949441,26.36044884176329,24.406474231784355,0.007194476978010178,NaN,NaN,1706193899.9727025,244.24428108223773,-859.3715525433826,0.9938761363146842,1706193899.9727025,nan,nan,nan,0.020365456119179726,0.006069814320653677,1.0184091329574585
1706193900.0236983,1706193900.02865,26.35658585004458,24.398421620397244,0.007356199476848874,NaN,NaN,1706193900.0514972,231.94678750871776,-853.2180132713406,0.9948320652425748,1706193900.0514972,nan,nan,nan,0.03176041692495346,0.050743646919727325,1.029375433921814
1706193900.116114,1706193900.1205702,26.349064656567496,24.383384374537428,0.007756765947974947,NaN,NaN,1706193900.1458561,216.27183849285987,-845.5267698920889,0.9952340833310487,1706193900.1458561,nan,nan,nan,0.03127552196383476,0.053657159209251404,1.0274258852005005
1706193900.2071385,1706193900.2165992,26.34156977700188,24.364333208729967,0.0077375819283442004,NaN,NaN,1706193900.2370827,201.2909853926134,-838.4102038091154,0.9953610769084832,1706193900.2370827,nan,nan,nan,0.028366170823574066,0.03204862028360367,1.0201150178909302
1706193900.3002393,1706193900.308464,26.333695007890995,24.34824399257653,0.00747738264768219,NaN,NaN,1706193900.3300877,185.99302208576208,-831.0562305449367,0.9952093955132062,1706193900.3300877,nan,nan,nan,0.02472948282957077,0.01383917685598135,1.025476336479187
1706193900.3929307,1706193900.3987093,26.325664364098053,24.332212743677193,0.007359602103676921,NaN,NaN,1706193900.4227076,172.07387259672475,-824.1221994076004,0.9959105848011834,1706193900.4227076,nan,nan,nan,0.02400214597582817,0.045887794345617294,1.0271822214126587
1706193900.4848766,1706193900.4894545,26.321357536122026,24.323733609850656,0.00757543168172925,NaN,NaN,1706193900.5166624,156.7561657790381,-816.7572891116248,0.9955866014520344,1706193900.5156667,nan,nan,nan,0.027638833969831467,0.027435559779405594,1.044728398323059
1706193900.5774171,1706193900.5835845,26.31402536407377,24.30881656349033,0.007552388182469394,NaN,NaN,1706193900.6074314,143.52399419288358,-810.3366132494548,0.99478949494623,1706193900.6074314,nan,nan,nan,0.03297264501452446,0.012382421642541885,1.0342494249343872
1706193900.670254,1706193900.6748815,26.307289015587617,24.294838464149862,0.007250313241272233,NaN,NaN,1706193900.700467,131.39353295806663,-804.2887500086846,0.9943030909314601,1706193900.700467,nan,nan,nan,0.04145825281739235,0.008983325213193893,1.0464341640472412
1706193900.7624965,1706193900.766539,26.300944682744557,24.281579182140682,0.007411074449497512,NaN,NaN,1706193900.7927544,120.8802415523969,-798.7373369066881,0.9943841287749821,1706193900.7927544,nan,nan,nan,0.04945896565914154,0.03059186413884163,1.0325435400009155
1706193900.8557138,1706193900.8616714,26.29879623104165,24.272757490461476,0.008018119429854309,NaN,NaN,1706193900.885778,109.4879667365236,-793.3057484843767,0.9935115607672472,1706193900.885778,nan,nan,nan,0.01648632250726223,0.03399096056818962,1.0103671550750732
1706193900.9497828,1706193900.9547584,26.293274988496012,24.261924390168712,0.007826380255140375,NaN,NaN,1706193900.980719,99.96083579109494,-788.8589066640083,0.9929362740681283,1706193900.980208,nan,nan,nan,0.037579119205474854,0.028649523854255676,1.0218209028244019
1706193901.041947,1706193901.0480914,26.288164624998302,24.251147569208886,0.007634299164208103,NaN,NaN,1706193901.0727358,91.32170965621627,-784.940834852145,0.9926255594655531,1706193901.0727358,nan,nan,nan,0.026911497116088867,0.019666196778416634,1.0271822214126587
1706193901.1357336,1706193901.141646,26.283812886854086,24.241932862463262,0.007579674450397422,NaN,NaN,1706193901.1667428,82.64503629039648,-780.8265048105985,0.9927277489397659,1706193901.165734,nan,nan,nan,0.03442732244729996,0.021122954785823822,1.0327872037887573
1706193901.2281764,1706193901.2337356,26.279567699420088,24.233126358849468,0.0077524322188373684,NaN,NaN,1706193901.2578928,75.67063215413324,-777.4114323401922,0.9927447546407395,1706193901.2578928,nan,nan,nan,0.021820131689310074,0.023065295070409775,1.0264511108398438
1706193901.3212247,1706193901.325922,26.27767017481612,24.229293201428078,0.007787832934756961,NaN,NaN,1706193901.3509107,69.5450716452819,-774.184207896098,0.9934001547764519,1706193901.3509107,nan,nan,nan,0.01624387688934803,0.030106279999017715,1.053745150566101
1706193901.4146845,1706193901.4195426,26.27391930794985,24.221763889089814,0.008203032643720631,NaN,NaN,1706193901.4427378,63.560847025733516,-771.2014659736687,0.9937397286458098,1706193901.4427378,nan,nan,nan,0.030548185110092163,0.037875641137361526,1.01572847366333
1706193901.5065103,1706193901.5115108,26.270568077445105,24.215193390947334,0.008145964632334829,NaN,NaN,1706193901.5337431,57.118464526154774,-768.3800908446144,0.9934617863248495,1706193901.5337431,nan,nan,nan,0.03200286254286766,0.02549321949481964,1.031325101852417
1706193901.598514,1706193901.6028936,26.26738507579509,24.20860805627553,0.007768325004131632,NaN,NaN,1706193901.6287055,51.7009791512797,-765.9246758211093,0.9935083281548319,1706193901.6277022,nan,nan,nan,0.027638833969831467,0.025007635354995728,1.0249888896942139
1706193901.692071,1706193901.6965556,26.264756975914853,24.202938402344447,0.007738563130384651,NaN,NaN,1706193901.7217383,46.803395305270065,-763.6245678384041,0.9936177245205385,1706193901.7217383,nan,nan,nan,0.030790632590651512,0.03496213257312775,1.0342494249343872
1706193901.7859063,1706193901.7911077,26.262119675247565,24.197225060226547,0.007693288671931475,NaN,NaN,1706193901.8163273,41.80324275005283,-761.267631226993,0.993710816057736,1706193901.81533,nan,nan,nan,0.02497193031013012,0.03423375263810158,1.0271822214126587
1706193901.8777502,1706193901.88668,26.26082456576966,24.194458935361723,0.0076755883954649495,NaN,NaN,1706193901.9090607,37.481552467024855,-759.1495905073212,0.9939330317007392,1706193901.9090607,nan,nan,nan,0.02424459159374237,0.030834658071398735,1.026207447052002
1706193901.9712412,1706193901.975672,26.258619383696754,24.189889510668426,0.0078022253958345555,NaN,NaN,1706193902.0012443,33.59230295401336,-757.13528553782,0.9940162273558036,1706193902.0012443,nan,nan,nan,0.02569926716387272,0.031563032418489456,1.0218209028244019
1706193902.0637066,1706193902.0687473,26.257443188977764,24.184102849068054,0.0067643931427003035,NaN,NaN,1706193902.0927496,30.14629937667059,-755.2503463197208,0.9940665463609557,1706193902.0927496,nan,nan,nan,0.02521437592804432,0.03471934050321579,1.0274258852005005
1706193902.155815,1706193902.161708,26.255354588155107,24.18014340030858,0.0066984229818096985,NaN,NaN,1706193902.1857247,26.74362964623107,-753.3406670443708,0.9940871558104708,1706193902.1857247,nan,nan,nan,0.02375970035791397,0.031563032418489456,1.026938557624817
1706193902.247946,1706193902.2517738,26.25355752137599,24.176784815490375,0.006661293969846327,NaN,NaN,1706193902.277189,23.901951374966067,-751.7732457066287,0.9942062379285609,1706193902.277189,nan,nan,nan,0.028366170823574066,0.03544771298766136,1.0213334560394287
1706193902.3405054,1706193902.3474758,26.25263845761353,24.17504406455455,0.006688905133094725,NaN,NaN,1706193902.3702455,21.21916336852503,-750.3779477558255,0.9943079442985313,1706193902.3702455,nan,nan,nan,0.02424459159374237,0.03180582821369171,1.0349805355072021
1706193902.43376,1706193902.4417171,26.25110647439309,24.172038000326808,0.006748941902990829,NaN,NaN,1706193902.4628687,18.500457015779332,-749.0048731960098,0.9945015832202531,1706193902.4628687,nan,nan,nan,0.022547468543052673,0.03714726120233536,1.0227956771850586
1706193902.5267766,1706193902.5317209,26.24962581969318,24.16916207504756,0.006817174790273023,NaN,NaN,1706193902.5570152,16.28131534987961,-747.6669663916431,0.994573894468183,1706193902.5570152,nan,nan,nan,0.02448703721165657,0.03544771298766136,1.030593991279602
1706193902.6203885,1706193902.6298616,26.24835449431772,24.166683142813973,0.006854062376898951,NaN,NaN,1706193902.651264,14.237192467737017,-746.5093933661705,0.9946802009632763,1706193902.651264,nan,nan,nan,0.028366170823574066,0.033019788563251495,1.0249888896942139
1706193902.7125301,1706193902.718271,26.247201399804297,24.16446598221515,0.006861698951587503,NaN,NaN,1706193902.7437716,12.412906401201909,-745.5500652377787,0.9947228560843149,1706193902.7427747,nan,nan,nan,0.03176041692495346,0.03617609292268753,1.0349805355072021
1706193902.8047686,1706193902.8111053,26.246108109242993,24.162352909232478,0.006773352539292982,NaN,NaN,1706193902.83477,10.444470740767562,-744.6081762039145,0.9946020241063167,1706193902.83477,nan,nan,nan,0.028608618304133415,0.035204920917749405,1.0325435400009155
1706193902.8967667,1706193902.900987,26.24556698563215,24.161287723305716,0.006713825294358128,NaN,NaN,1706193902.9269502,8.682333919856514,-743.7446008621671,0.9945616667850561,1706193902.9259524,nan,nan,nan,0.027396388351917267,0.037390053272247314,1.0320560932159424
1706193902.9899657,1706193902.9956243,26.24459471230093,24.159392351150927,0.006600447194255288,NaN,NaN,1706193903.0202537,7.015029815270021,-742.9607792476903,0.9944231508805427,1706193903.0202537,nan,nan,nan,0.029820848256349564,0.03496213257312775,1.0291317701339722
1706193903.0819077,1706193903.10066,26.243639784116848,24.15754205281575,0.006399462336224709,NaN,NaN,1706193903.1115422,5.467703820409201,-742.2744391994776,0.9942787896953456,1706193903.1115422,nan,nan,nan,0.02569926716387272,0.037875641137361526,1.0264511108398438
1706193903.174784,1706193903.1795743,26.24282471263856,24.15590100923303,0.0062460317910922325,NaN,NaN,1706193903.2042935,3.804242299710558,-741.574634662043,0.9941316579683901,1706193903.2042935,nan,nan,nan,0.026669051498174667,0.035204920917749405,1.034493088722229
1706193903.2668042,1706193903.2712333,26.242046827206874,24.154275752625935,0.006187947679160005,NaN,NaN,1706193903.2968392,2.425289240680894,-740.9932693256951,0.9941065112944482,1706193903.2968392,nan,nan,nan,0.027396388351917267,0.03447654843330383,1.0303502082824707
1706193903.359644,1706193903.3662577,26.241710553858958,24.153550045037072,0.006170201603878489,NaN,NaN,1706193903.3909886,1.156305466589254,-740.4853035058327,0.9941069484782888,1706193903.3909886,nan,nan,nan,0.02569926716387272,0.03204862028360367,1.0310814380645752
1706193903.452901,1706193903.4578843,26.24109575413712,24.152198626696013,0.006187818352003105,NaN,NaN,1706193903.4817855,-0.029428658793994422,-740.1042831476201,0.9942399420642698,1706193903.4817855,nan,nan,nan,0.027153942734003067,0.03544771298766136,1.0296192169189453
1706193903.5468488,1706193903.552843,26.240546589509684,24.150937778191825,0.00625455139542469,NaN,NaN,1706193903.5767906,-1.2410586384163338,-739.5665535239265,0.9941877630483922,1706193903.5757952,nan,nan,nan,0.02545681968331337,0.0313202403485775,1.0281569957733154
1706193903.6400878,1706193903.646731,26.240041914983298,24.14975560430388,0.006312038822991889,NaN,NaN,1706193903.6695375,-2.1596313689081965,-739.1903019126789,0.9942241699602665,1706193903.6695375,nan,nan,nan,0.028851065784692764,0.0313202403485775,1.0340057611465454
1706193903.7305467,1706193903.7348406,26.239608348026422,24.148775125686285,0.006406991977759763,NaN,NaN,1706193903.760108,-2.9956190854939826,-738.9386074403463,0.9943699854278238,1706193903.760108,nan,nan,nan,0.027638833969831467,0.0313202403485775,1.0432662963867188
1706193903.823807,1706193903.831809,26.239404981550457,24.148324314366818,0.006482399101706421,NaN,NaN,1706193903.8535538,-3.737843621822529,-738.6170174518809,0.9945207789777675,1706193903.8525517,nan,nan,nan,0.027396388351917267,0.032291412353515625,1.0337620973587036
1706193903.9168937,1706193903.9215603,26.239022419611892,24.147494798460613,0.006641843297286121,NaN,NaN,1706193903.9470346,-4.497945367887016,-738.1617436679034,0.9944309740498508,1706193903.9470346,nan,nan,nan,0.027396388351917267,0.035204920917749405,1.0245015621185303
1706193904.010548,1706193904.0145373,26.238624275936616,24.146719513753926,0.0066426344003387705,NaN,NaN,1706193904.0402124,-5.097453645605883,-737.878850511109,0.9944217155488193,1706193904.0402124,nan,nan,nan,0.026669051498174667,0.036418888717889786,1.029375433921814
1706193904.102818,1706193904.106523,26.238327922626752,24.14610169709847,0.006658144842995595,NaN,NaN,1706193904.1318803,-5.637869969269127,-737.6655871336557,0.994433808747071,1706193904.1318803,nan,nan,nan,0.027396388351917267,0.03447654843330383,1.031325101852417
1706193904.1948183,1706193904.1997235,26.238034408012666,24.14539991570749,0.006645909372937409,NaN,NaN,1706193904.2238138,-6.268531524206222,-737.4207014153843,0.9944177469404891,1706193904.2238138,nan,nan,nan,0.02521437592804432,0.03714726120233536,1.0288881063461304
1706193904.2868183,1706193904.293699,26.237867607905972,24.144988182429614,0.00667332943078322,NaN,NaN,1706193904.316771,-6.33984900243325,-737.4401619352777,0.9944166196034397,1706193904.316771,nan,nan,nan,0.01600143127143383,0.027192767709493637,1.0227956771850586
1706193904.3812952,1706193904.3874335,26.237871298010294,24.144985243465097,0.006670050732310917,NaN,NaN,1706193904.410767,-6.349076915331835,-737.4642551190766,0.9943955352545087,1706193904.410767,nan,nan,nan,0.02400214597582817,0.03059186413884163,1.030593991279602
1706193904.4748304,1706193904.4796743,26.23787661925905,24.144980794315423,0.006677483883509028,NaN,NaN,1706193904.5048292,-6.28018708777414,-737.4194476168757,0.9944625110963475,1706193904.5048292,nan,nan,nan,0.030790632590651512,0.04176032170653343,1.0335183143615723
1706193904.5667863,1706193904.5719252,26.237876552021724,24.14498095633013,0.006678997511805285,NaN,NaN,1706193904.597383,-6.408117363804209,-737.4523302781706,0.9943837037440036,1706193904.597009,nan,nan,nan,0.029335955157876015,0.024279257282614708,1.0288881063461304
1706193904.6578796,1706193904.6627994,26.237877054363587,24.144979474819163,0.006677621100557335,NaN,NaN,1706193904.6895492,-6.290167359088683,-737.416142688172,0.9944431299484855,1706193904.6895492,nan,nan,nan,0.028608618304133415,0.04103194549679756,1.0325435400009155
1706193904.750049,1706193904.754886,26.237877023479054,24.144979688283044,0.006678517545891771,NaN,NaN,1706193904.7801409,-6.403942360318608,-737.4621064485386,0.9943801590091926,1706193904.7801409,nan,nan,nan,0.02521437592804432,0.027435559779405594,1.030593991279602
1706193904.843022,1706193904.8476977,26.237877834439043,24.1449787189786,0.006678725910521072,NaN,NaN,1706193904.871842,-6.310785907494041,-737.4269060079635,0.9944404704195058,1706193904.871842,nan,nan,nan,0.026669051498174667,0.04103194549679756,1.031325101852417
1706193904.9358423,1706193904.9407277,26.23787765188398,24.14497880350561,0.006678594630936507,NaN,NaN,1706193904.9657967,-6.37987297798564,-737.4641302362207,0.9943883047497771,1706193904.9657967,nan,nan,nan,0.02569926716387272,0.029377900063991547,1.029862880706787
1706193905.0279195,1706193905.033841,26.237879511499752,24.144976903188578,0.006680145551321431,NaN,NaN,1706193905.057985,-6.357661630479518,-737.4639837985702,0.9943865824826279,1706193905.057985,nan,nan,nan,0.027881281450390816,0.03544771298766136,1.0281569957733154
1706193905.1205812,1706193905.1317973,26.237879704259036,24.1449770503325,0.006680609239371527,NaN,NaN,1706193905.1525755,-6.357221361093011,-737.4651704494889,0.9943870982922682,1706193905.1515808,nan,nan,nan,0.02569926716387272,0.03569050878286362,1.0308376550674438
1706193905.2113347,1706193905.2156518,26.237879716363285,24.144976964986576,0.006681973905149768,NaN,NaN,1706193905.2408597,-6.375519549832037,-737.4695660210713,0.9943875060522354,1706193905.2408597,nan,nan,nan,0.026911497116088867,0.03350537270307541,1.0291317701339722
1706193905.3048496,1706193905.3105295,26.23787986229472,24.144976915178532,0.00668187062403755,NaN,NaN,1706193905.3958566,-6.372503071618766,-737.4714625260049,0.9943932683802319,1706193905.3958566,nan,nan,nan,0.02569926716387272,0.03423375263810158,1.0271822214126587
1706193905.4595842,1706193905.4648874,26.237881030277897,24.14497609777773,0.006682256640876155,NaN,NaN,1706193905.5272434,-6.3480309748623895,-737.4341233604889,0.9944482955835773,1706193905.5272434,nan,nan,nan,0.027396388351917267,0.037390053272247314,1.031325101852417
1706193905.5808356,1706193905.5856154,26.23788114044263,24.14497588804701,0.006682791987587922,NaN,NaN,1706193905.6618204,-6.357475481667234,-737.4701740568573,0.9944009658416977,1706193905.6618204,nan,nan,nan,0.02618415839970112,0.036418888717889786,1.0284007787704468
1706193905.721336,1706193905.7303364,26.23788190378309,24.144975186302585,0.006682498373589085,NaN,NaN,1706193905.7966459,-6.369712270339054,-737.4700461688022,0.9943949686687235,1706193905.7966459,nan,nan,nan,0.027153942734003067,0.03423375263810158,1.030593991279602
1706193905.8595936,1706193905.8648202,26.237881900377836,24.1449747824811,0.006682211083661821,NaN,NaN,1706193905.9328778,-6.372224927271724,-737.472635318271,0.9943910730656493,1706193905.9318745,nan,nan,nan,0.026911497116088867,0.03447654843330383,1.030106544494629
1706193905.9971213,1706193906.0015943,26.237882309971987,24.14497386404166,0.006679172215647872,NaN,NaN,1706193906.0670211,-6.377287235448471,-737.4708465763144,0.9943929886825817,1706193906.0670211,nan,nan,nan,0.02642660401761532,0.033019788563251495,1.029375433921814
1706193906.1197002,1706193906.1238337,26.2378820843684,24.144974187737155,0.006678687245097292,NaN,NaN,1706193906.2012196,-6.3734458359757715,-737.4669027612819,0.9943952825148606,1706193906.2012196,nan,nan,nan,0.027638833969831467,0.03350537270307541,1.029375433921814
1706193906.25899,1706193906.2628384,26.237882726849506,24.144974285629107,0.006677938080382972,NaN,NaN,1706193906.3358774,-6.36988409114841,-737.4676363913095,0.994388031603603,1706193906.3358774,nan,nan,nan,0.026669051498174667,0.03496213257312775,1.026938557624817
1706193906.3967917,1706193906.4059217,26.237883020759465,24.144973878103237,0.006677260702093513,NaN,NaN,1706193906.470197,-6.370135987660896,-737.4700679164876,0.9943951855747692,1706193906.469895,nan,nan,nan,0.026669051498174667,0.03447654843330383,1.0284007787704468
1706193906.520461,1706193906.526374,26.23788302196377,24.144973770773504,0.006676397455260025,NaN,NaN,1706193906.6380858,-6.363813380895201,-737.4360984664428,0.9944487765651564,1706193906.6380858,nan,nan,nan,0.02642660401761532,0.03471934050321579,1.029375433921814
1706193906.702894,1706193906.7069464,26.237884193547572,24.14497320298796,0.006678224518235826,NaN,NaN,1706193906.8068478,-6.366338626840361,-737.4345507743194,0.9944400421639998,1706193906.8068478,nan,nan,nan,0.028123727068305016,0.03350537270307541,1.0286444425582886
1706193906.8713756,1706193906.8761983,26.23788447443602,24.14497347231849,0.006679352306544012,NaN,NaN,1706193906.9758961,-6.375618118919231,-737.4682177752333,0.994401026584125,1706193906.974897,nan,nan,nan,0.028123727068305016,0.03496213257312775,1.0308376550674438
1706193907.0406299,1706193907.0458872,26.237884796580264,24.144973097790533,0.006677202018699618,NaN,NaN,1706193907.1471102,-6.372222958919263,-737.4760932389969,0.9943961056612269,1706193907.1471102,nan,nan,nan,0.027396388351917267,0.03544771298766136,1.0291317701339722
1706193907.2096314,1706193907.2148547,26.237884347680478,24.144973385741803,0.0066772582488716925,NaN,NaN,1706193907.2510667,-6.376741388920932,-737.4747405514806,0.9944005650744424,1706193907.2510667,nan,nan,nan,0.026669051498174667,0.03471934050321579,1.0288881063461304
1706193907.3020067,1706193907.3068805,26.237884713372605,24.14497272916015,0.006677327115533899,NaN,NaN,1706193907.4214451,-6.366262036609856,-737.4393461215293,0.9944492916757198,1706193907.4214451,nan,nan,nan,0.02569926716387272,0.036418888717889786,1.0274258852005005
1706193907.473911,1706193907.4802082,26.237883856678653,24.144973158341443,0.006678337875042933,NaN,NaN,1706193907.591734,-6.378580685455746,-737.4757786508173,0.9943958110457888,1706193907.5910048,nan,nan,nan,0.027153942734003067,0.03569050878286362,1.0284007787704468
1706193907.6449096,1706193907.6514735,26.237884520788374,24.144973213303935,0.006679548319381473,NaN,NaN,1706193907.7606153,-6.3806393578589,-737.4750992405894,0.9943954485424357,1706193907.7606153,nan,nan,nan,0.026669051498174667,0.03471934050321579,1.026938557624817
1706193907.8126235,1706193907.8188345,26.23788353352592,24.144972876698667,0.006677767395111528,NaN,NaN,1706193907.9282951,-6.3795713326726675,-737.4771956948903,0.9943985804948031,1706193907.9282951,nan,nan,nan,0.027153942734003067,0.03423375263810158,1.0279133319854736
1706193907.9829261,1706193907.989145,26.237883382091624,24.144973064736117,0.006678059595065039,NaN,NaN,1706193908.0976937,-6.379800701839057,-737.4770997690822,0.9943967705654737,1706193908.0975256,nan,nan,nan,0.02521437592804432,0.03447654843330383,1.0286444425582886
1706193908.1514077,1706193908.1574006,26.23788430335024,24.144972450024913,0.006678108943066446,NaN,NaN,1706193908.2648838,-6.3832517158130315,-737.4780082897219,0.994395828461406,1706193908.2638865,nan,nan,nan,0.027638833969831467,0.03423375263810158,1.0274258852005005
1706193908.3214016,1706193908.3265526,26.237882855754016,24.14497171093052,0.006675905214014705,NaN,NaN,1706193908.4338956,-6.383013760535409,-737.477098736509,0.9944013764982821,1706193908.4338956,nan,nan,nan,0.026669051498174667,0.03471934050321579,1.0281569957733154
1706193908.4921205,1706193908.4988093,26.237882137629185,24.144970668919033,0.006672190340299311,NaN,NaN,1706193908.6040893,-6.377428230517706,-737.4455121656789,0.9944458947083726,1706193908.603093,nan,nan,nan,0.027153942734003067,0.03447654843330383,1.026938557624817
1706193908.6616368,1706193908.6674995,26.23788180971367,24.14496979753335,0.0066704340206755475,NaN,NaN,1706193908.6892743,-6.381905674874768,-737.4779370918911,0.9944000049497896,1706193908.6891441,nan,nan,nan,0.028608618304133415,0.03447654843330383,1.0291317701339722
1706193908.7395232,1706193908.7479215,26.237882103645415,24.1449704327765,0.006669727423041588,NaN,NaN,1706193908.7684968,-6.383481417458013,-737.4778982172882,0.9943956049916557,1706193908.768186,nan,nan,nan,0.026911497116088867,0.03569050878286362,1.031325101852417
1706193908.8314202,1706193908.8354604,26.23788199646856,24.144969795428185,0.006667437530936821,NaN,NaN,1706193908.8604183,-6.38106995358374,-737.4763364845746,0.994399247602403,1706193908.8604183,nan,nan,nan,0.027638833969831467,0.03471934050321579,1.0271822214126587
1706193908.9239511,1706193908.9301574,26.237881089603967,24.144969718394545,0.006664514547622485,NaN,NaN,1706193908.9539492,-6.380690383576946,-737.4442067977828,0.9944468390098596,1706193908.9529524,nan,nan,nan,0.02569926716387272,0.03544771298766136,1.0264511108398438
1706193909.015908,1706193909.0228682,26.23788078432161,24.14496987568257,0.006665461242319537,NaN,NaN,1706193909.045947,-6.383996802528696,-737.4784014487636,0.9943923076734064,1706193909.0449476,nan,nan,nan,0.025941714644432068,0.03496213257312775,1.0266947746276855
1706193909.109843,1706193909.117753,26.237880925706627,24.14497077994893,0.006666426424416477,NaN,NaN,1706193909.1394794,-6.384452177643144,-737.4767718357598,0.9943926455139189,1706193909.1394794,nan,nan,nan,0.02569926716387272,0.035204920917749405,1.0296192169189453
1706193909.2021494,1706193909.2090235,26.237880316356605,24.144970532256902,0.00666591925274454,NaN,NaN,1706193909.231804,-6.385108075294011,-737.4791095302836,0.9943961568350592,1706193909.231804,nan,nan,nan,0.02569926716387272,0.03496213257312775,1.0288881063461304
1706193909.2939591,1706193909.29877,26.237881003265773,24.144969495381694,0.006666670677760056,NaN,NaN,1706193909.3229613,-6.3847094646291875,-737.4788991627578,0.99439565453676,1706193909.3229613,nan,nan,nan,0.02618415839970112,0.03496213257312775,1.0308376550674438
